GEOID,pa_project_amount,pa_federal_share
06047,11710155.51,10361264.88
06095,3149782.04,2443176.71
06067,165589087.23,142026868.82
06017,6963861.48,5624016.41
06013,21858425.84,17792168.86
06053,31987623.1,25075291.52
06077,13648252.53,11571629.21
06019,14314314.38,11075921.28
06081,20544908.22,16625603.72
06087,40586882.04,32820363.97
06073,9918606.83,7906644.57
06083,41079329.02,33043075.13
06113,61507635.05,50192743.84
06037,21837778.4,17793973.15
06107,44894817.76,33860030.72
06079,40793162.06,32422824.67
06009,3660115.96,2944100.52
06005,1769592.07,1495783.4
06075,16749344.04,12950379.23
06111,32047345.27,25884475.63
06057,2455292.03,1891300.69
06085,12539934.74,10234836.9
06099,14178998.93,11033610.02
06001,35140607.14,28944604.45
06041,3546392.66,2958733.6
06045,2392135.78,1935667.68
06021,3046783.61,2321322.4
06069,3883825.64,3050413.26
06101,734524.62,640381.01
06097,8453316.68,7234488.97
06027,1318911.26,1030008.09
06043,1924914.6,1499570.03
06061,4427891.25,3671982.37
06103,3102959.54,2382782.8
06109,10082331.77,7693037.43
06007,4676350.07,3610879.47
06011,1426330.55,1204342.85
06023,4788465.49,3781350.24
06093,10000.0,7500.0
06003,969190.35,731459.32
06039,3379061.29,2572868.32
06105,4854421.9,3659481.78
06055,320692.59,320692.59
06015,169603.41,140583.64
06029,10440163.97,7878608.77
06071,4961016.59,3740932.18
06031,29204262.95,22166073.04
06051,4053761.66,3052503.61
06063,553287.56,421552.42
06091,2362765.32,1775629.05
06049,606518.38,462109.25
06089,462623.26,350950.94
06025,5137504.79,3854058.53
06033,227538.58,173358.85
06065,995129.85,761496.42
