event_id,event_name,event_type,event_year,GEOID,claim_count,building_payments,contents_payments,icc_payments,total_claim_payments,average_payment_per_claim,population_2018,claims_per_1000_residents,claim_payments_per_capita
florence,Hurricane Florence,Hurricane,2018,37001020602,1,0.00,0.00,0.00,0.00,0.00,2533,0.394789,0.00
florence,Hurricane Florence,Hurricane,2018,37001020801,1,1614.15,0.00,0.00,1614.15,1614.15,1610,0.621118,1.00
florence,Hurricane Florence,Hurricane,2018,37001021600,1,12098.79,0.00,0.00,12098.79,12098.79,7550,0.132450,1.60
florence,Hurricane Florence,Hurricane,2018,37001021901,1,3173.58,0.00,0.00,3173.58,3173.58,4561,0.219250,0.70
florence,Hurricane Florence,Hurricane,2018,37005950200,1,26839.07,0.00,0.00,26839.07,26839.07,4075,0.245399,6.59
florence,Hurricane Florence,Hurricane,2018,37013930100,150,2400062.01,351524.85,49895.74,2801482.60,18676.55,5208,28.801843,537.92
florence,Hurricane Florence,Hurricane,2018,37013930200,4,193510.96,0.00,0.00,193510.96,48377.74,6423,0.622762,30.13
florence,Hurricane Florence,Hurricane,2018,37013930300,118,2627844.05,311300.70,134775.00,3073919.75,26050.17,3914,30.148186,785.37
florence,Hurricane Florence,Hurricane,2018,37013930400,28,703762.34,0.00,0.00,703762.34,25134.37,4656,6.013746,151.15
florence,Hurricane Florence,Hurricane,2018,37013930501,256,5822085.25,245494.34,240000.00,6307579.59,24638.98,3936,65.040650,1602.54
florence,Hurricane Florence,Hurricane,2018,37013930502,8,274201.84,5954.42,0.00,280156.26,35019.53,4012,1.994018,69.83
florence,Hurricane Florence,Hurricane,2018,37013930600,60,880250.37,81442.14,0.00,961692.51,16028.21,3467,17.306028,277.38
florence,Hurricane Florence,Hurricane,2018,37013930700,201,2953025.89,161512.56,113592.50,3228130.95,16060.35,2467,81.475476,1308.52
florence,Hurricane Florence,Hurricane,2018,37013930800,93,1223615.94,253845.41,30000.00,1507461.35,16209.26,2726,34.115921,552.99
florence,Hurricane Florence,Hurricane,2018,37013930900,28,242871.62,7221.64,0.00,250093.26,8931.90,4478,6.252791,55.85
florence,Hurricane Florence,Hurricane,2018,37013931000,51,918497.43,163909.58,30000.00,1112407.01,21811.90,5956,8.562794,186.77
florence,Hurricane Florence,Hurricane,2018,37015960300,1,40114.41,0.00,0.00,40114.41,40114.41,3356,0.297974,11.95
florence,Hurricane Florence,Hurricane,2018,37017950100,39,2072026.17,191995.44,63300.00,2327321.61,59674.91,5204,7.494235,447.22
florence,Hurricane Florence,Hurricane,2018,37017950200,7,161206.51,22848.96,0.00,184055.47,26293.64,3226,2.169870,57.05
florence,Hurricane Florence,Hurricane,2018,37017950300,1,11077.98,0.00,0.00,11077.98,11077.98,6577,0.152045,1.68
florence,Hurricane Florence,Hurricane,2018,37017950500,12,665146.29,55270.95,0.00,720417.24,60034.77,6932,1.731102,103.93
florence,Hurricane Florence,Hurricane,2018,37017950600,3,146148.60,31089.70,0.00,177238.30,59079.43,5995,0.500417,29.56
florence,Hurricane Florence,Hurricane,2018,37019020101,2,217840.33,0.00,0.00,217840.33,108920.17,2589,0.772499,84.14
florence,Hurricane Florence,Hurricane,2018,37019020102,2,5899.52,4683.56,0.00,10583.08,5291.54,4524,0.442087,2.34
florence,Hurricane Florence,Hurricane,2018,37019020103,4,7092.92,0.00,0.00,7092.92,1773.23,8420,0.475059,0.84
florence,Hurricane Florence,Hurricane,2018,37019020104,5,35187.58,2333.52,0.00,37521.10,7504.22,6252,0.799744,6.00
florence,Hurricane Florence,Hurricane,2018,37019020201,15,83979.36,14880.23,0.00,98859.59,6590.64,4017,3.734130,24.61
florence,Hurricane Florence,Hurricane,2018,37019020202,10,204174.50,13000.00,0.00,217174.50,21717.45,8097,1.235025,26.82
florence,Hurricane Florence,Hurricane,2018,37019020203,28,2994296.95,880919.08,0.00,3875216.03,138400.57,2674,10.471204,1449.22
florence,Hurricane Florence,Hurricane,2018,37019020204,55,2013888.52,270160.19,0.00,2284048.71,41528.16,6475,8.494208,352.75
florence,Hurricane Florence,Hurricane,2018,37019020303,17,453374.81,115852.05,0.00,569226.86,33483.93,3698,4.597080,153.93
florence,Hurricane Florence,Hurricane,2018,37019020304,72,588504.94,18595.71,0.00,607100.65,8431.95,7592,9.483667,79.97
florence,Hurricane Florence,Hurricane,2018,37019020305,43,554856.58,22758.40,0.00,577614.98,13432.91,2750,15.636364,210.04
florence,Hurricane Florence,Hurricane,2018,37019020306,34,1144177.29,295073.81,0.00,1439251.10,42330.91,2258,15.057573,637.40
florence,Hurricane Florence,Hurricane,2018,37019020307,332,3709453.20,266954.90,0.00,3976408.10,11977.13,234,1418.803419,16993.20
florence,Hurricane Florence,Hurricane,2018,37019020308,41,44546.19,4789.00,0.00,49335.19,1203.30,1721,23.823359,28.67
florence,Hurricane Florence,Hurricane,2018,37019020309,26,144625.03,19167.23,0.00,163792.26,6299.70,3090,8.414239,53.01
florence,Hurricane Florence,Hurricane,2018,37019020310,69,1037447.10,166313.76,0.00,1203760.86,17445.81,2441,28.267104,493.14
florence,Hurricane Florence,Hurricane,2018,37019020402,12,151184.82,36319.85,0.00,187504.67,15625.39,3178,3.775960,59.00
florence,Hurricane Florence,Hurricane,2018,37019020403,5,64864.11,3150.91,0.00,68015.02,13603.00,5191,0.963206,13.10
florence,Hurricane Florence,Hurricane,2018,37019020404,1,5953.56,0.00,0.00,5953.56,5953.56,2876,0.347705,2.07
florence,Hurricane Florence,Hurricane,2018,37019020405,5,14424.27,0.00,0.00,14424.27,2884.85,3303,1.513775,4.37
florence,Hurricane Florence,Hurricane,2018,37019020504,85,744802.19,64419.81,0.00,809222.00,9520.26,1867,45.527584,433.43
florence,Hurricane Florence,Hurricane,2018,37019020505,13,550296.01,28703.61,0.00,578999.62,44538.43,4211,3.087153,137.50
florence,Hurricane Florence,Hurricane,2018,37019020506,1,0.00,0.00,0.00,0.00,0.00,5044,0.198255,0.00
florence,Hurricane Florence,Hurricane,2018,37019020507,10,129222.15,16347.77,0.00,145569.92,14556.99,7598,1.316136,19.16
florence,Hurricane Florence,Hurricane,2018,37019020508,1,0.00,0.00,0.00,0.00,0.00,3020,0.331126,0.00
florence,Hurricane Florence,Hurricane,2018,37019020509,1,9816.46,0.00,0.00,9816.46,9816.46,4867,0.205465,2.02
florence,Hurricane Florence,Hurricane,2018,37019020510,3,75699.82,1487.85,0.00,77187.67,25729.22,1924,1.559252,40.12
florence,Hurricane Florence,Hurricane,2018,37019020511,8,211058.06,40562.65,0.00,251620.71,31452.59,2438,3.281378,103.21
florence,Hurricane Florence,Hurricane,2018,37019020512,26,12967.18,450.60,0.00,13417.78,516.07,899,28.921023,14.93
florence,Hurricane Florence,Hurricane,2018,37019020601,16,849456.91,238887.29,0.00,1088344.20,68021.51,4742,3.374104,229.51
florence,Hurricane Florence,Hurricane,2018,37019020602,18,1140669.21,707153.91,0.00,1847823.12,102656.84,5547,3.244997,333.12
florence,Hurricane Florence,Hurricane,2018,37019020603,14,1229095.96,405840.26,0.00,1634936.22,116781.16,3323,4.213060,492.01
florence,Hurricane Florence,Hurricane,2018,37025041602,1,18372.55,0.00,0.00,18372.55,18372.55,3798,0.263296,4.84
florence,Hurricane Florence,Hurricane,2018,37029950102,1,73138.80,7217.20,0.00,80356.00,80356.00,4766,0.209820,16.86
florence,Hurricane Florence,Hurricane,2018,37031970101,57,1233397.16,67462.51,77000.00,1377859.67,24172.98,954,59.748428,1444.30
florence,Hurricane Florence,Hurricane,2018,37031970102,384,9554644.20,1149543.80,695638.24,11399826.24,29687.05,2442,157.248157,4668.23
florence,Hurricane Florence,Hurricane,2018,37031970103,260,5292733.61,529640.65,307911.76,6130286.02,23578.02,2541,102.321921,2412.55
florence,Hurricane Florence,Hurricane,2018,37031970200,65,669105.17,65654.97,0.00,734760.14,11304.00,1361,47.759001,539.87
florence,Hurricane Florence,Hurricane,2018,37031970301,172,5093712.31,508223.81,414090.00,6016026.12,34976.90,4561,37.711028,1319.01
florence,Hurricane Florence,Hurricane,2018,37031970302,4,69065.79,0.00,0.00,69065.79,17266.45,1119,3.574620,61.72
florence,Hurricane Florence,Hurricane,2018,37031970303,19,481792.65,79662.64,0.00,561455.29,29550.28,1061,17.907634,529.18
florence,Hurricane Florence,Hurricane,2018,37031970304,81,1124953.31,93075.19,0.00,1218028.50,15037.39,2107,38.443284,578.09
florence,Hurricane Florence,Hurricane,2018,37031970401,6,140605.05,0.00,0.00,140605.05,23434.18,1721,3.486345,81.70
florence,Hurricane Florence,Hurricane,2018,37031970402,26,878495.15,187069.68,60000.00,1125564.83,43290.95,1454,17.881706,774.12
florence,Hurricane Florence,Hurricane,2018,37031970403,37,1568182.00,509503.76,0.00,2077685.76,56153.67,1160,31.896552,1791.11
florence,Hurricane Florence,Hurricane,2018,37031970501,18,304467.70,10958.19,0.00,315425.89,17523.66,2935,6.132879,107.47
florence,Hurricane Florence,Hurricane,2018,37031970502,21,300518.18,56210.17,0.00,356728.35,16987.06,2225,9.438202,160.33
florence,Hurricane Florence,Hurricane,2018,37031970503,44,742996.16,20249.46,0.00,763245.62,17346.49,2332,18.867925,327.29
florence,Hurricane Florence,Hurricane,2018,37031970504,62,918721.01,48177.41,0.00,966898.42,15595.14,1794,34.559643,538.96
florence,Hurricane Florence,Hurricane,2018,37031970601,49,1946594.41,347659.25,88311.83,2382565.49,48623.79,1570,31.210191,1517.56
florence,Hurricane Florence,Hurricane,2018,37031970602,9,216749.68,25458.43,0.00,242208.11,26912.01,1065,8.450704,227.43
florence,Hurricane Florence,Hurricane,2018,37031970603,1,282719.44,220500.00,0.00,503219.44,503219.44,1512,0.661376,332.82
florence,Hurricane Florence,Hurricane,2018,37031970604,11,384910.20,0.00,0.00,384910.20,34991.84,2248,4.893238,171.22
florence,Hurricane Florence,Hurricane,2018,37031970605,8,147906.98,0.00,30000.00,177906.98,22238.37,1419,5.637773,125.37
florence,Hurricane Florence,Hurricane,2018,37031970701,4,23913.02,3586.38,0.00,27499.40,6874.85,1131,3.536693,24.31
florence,Hurricane Florence,Hurricane,2018,37031970702,35,2952239.39,335453.78,60000.00,3347693.17,95648.38,3199,10.940919,1046.48
florence,Hurricane Florence,Hurricane,2018,37031970703,28,1501986.45,212796.69,30000.00,1744783.14,62313.68,5433,5.153690,321.15
florence,Hurricane Florence,Hurricane,2018,37031970704,36,1010268.99,222420.64,30000.00,1262689.63,35074.71,2399,15.006253,526.34
florence,Hurricane Florence,Hurricane,2018,37031970801,23,474396.16,92416.25,30000.00,596812.41,25948.37,3070,7.491857,194.40
florence,Hurricane Florence,Hurricane,2018,37031970802,46,871420.64,153794.53,30000.00,1055215.17,22939.46,2076,22.157996,508.29
florence,Hurricane Florence,Hurricane,2018,37031970803,29,912732.26,228784.28,0.00,1141516.54,39362.64,1670,17.365269,683.54
florence,Hurricane Florence,Hurricane,2018,37031970804,125,3234429.65,412612.70,104825.00,3751867.35,30014.94,3362,37.180250,1115.96
florence,Hurricane Florence,Hurricane,2018,37031970805,3,54533.52,0.00,0.00,54533.52,18177.84,1582,1.896334,34.47
florence,Hurricane Florence,Hurricane,2018,37031970901,50,552781.62,42189.41,0.00,594971.03,11899.42,1127,44.365572,527.92
florence,Hurricane Florence,Hurricane,2018,37031970902,23,169772.01,6725.60,0.00,176497.61,7673.81,1361,16.899339,129.68
florence,Hurricane Florence,Hurricane,2018,37031970903,189,2317625.80,297506.33,0.00,2615132.13,13836.68,1211,156.069364,2159.48
florence,Hurricane Florence,Hurricane,2018,37031971001,16,439810.51,35380.95,0.00,475191.46,29699.47,543,29.465930,875.12
florence,Hurricane Florence,Hurricane,2018,37031971002,21,349706.59,82089.65,0.00,431796.24,20561.73,1368,15.350877,315.64
florence,Hurricane Florence,Hurricane,2018,37031971101,84,2138321.92,286397.78,67503.86,2492223.56,29669.33,1241,67.687349,2008.24
florence,Hurricane Florence,Hurricane,2018,37031971102,269,1039436.67,60945.28,21810.00,1122191.95,4171.72,566,475.265018,1982.67
florence,Hurricane Florence,Hurricane,2018,37033930500,1,22268.93,1677.81,0.00,23946.74,23946.74,3491,0.286451,6.86
florence,Hurricane Florence,Hurricane,2018,37037020600,1,250000.00,100000.00,0.00,350000.00,350000.00,5676,0.176180,61.66
florence,Hurricane Florence,Hurricane,2018,37037020701,1,4883.50,0.00,0.00,4883.50,4883.50,6865,0.145666,0.71
florence,Hurricane Florence,Hurricane,2018,37037020702,1,0.00,0.00,0.00,0.00,0.00,3785,0.264201,0.00
florence,Hurricane Florence,Hurricane,2018,37037020800,1,50232.67,30510.55,0.00,80743.22,80743.22,9354,0.106906,8.63
florence,Hurricane Florence,Hurricane,2018,37047930100,9,695111.44,240786.82,0.00,935898.26,103988.70,4293,2.096436,218.01
florence,Hurricane Florence,Hurricane,2018,37047930200,2,18453.00,0.00,0.00,18453.00,9226.50,2246,0.890472,8.22
florence,Hurricane Florence,Hurricane,2018,37047930300,114,3750509.51,631682.99,75000.00,4457192.50,39098.18,2765,41.229656,1612.00
florence,Hurricane Florence,Hurricane,2018,37047930400,16,659054.32,58318.83,29763.93,747137.08,46696.07,3677,4.351373,203.19
florence,Hurricane Florence,Hurricane,2018,37047930500,9,310493.16,66967.12,0.00,377460.28,41940.03,4252,2.116651,88.77
florence,Hurricane Florence,Hurricane,2018,37047930600,43,2342320.92,86471.10,0.00,2428792.02,56483.54,3530,12.181303,688.04
florence,Hurricane Florence,Hurricane,2018,37047930700,4,102167.42,24289.71,0.00,126457.13,31614.28,4822,0.829531,26.23
florence,Hurricane Florence,Hurricane,2018,37047930800,11,650801.11,536996.73,0.00,1187797.84,107981.62,3743,2.938819,317.34
florence,Hurricane Florence,Hurricane,2018,37047930900,42,1027714.03,451035.50,0.00,1478749.53,35208.32,4764,8.816121,310.40
florence,Hurricane Florence,Hurricane,2018,37047931000,8,598678.11,123729.01,0.00,722407.12,90300.89,5406,1.479837,133.63
florence,Hurricane Florence,Hurricane,2018,37047931100,6,106396.92,2063.72,0.00,108460.64,18076.77,4046,1.482946,26.81
florence,Hurricane Florence,Hurricane,2018,37047931200,7,377743.75,521.72,0.00,378265.47,54037.92,7289,0.960351,51.90
florence,Hurricane Florence,Hurricane,2018,37047931300,21,1202884.86,194025.66,60000.00,1456910.52,69376.69,5460,3.846154,266.83
florence,Hurricane Florence,Hurricane,2018,37049960101,975,56731397.03,7841619.54,1152193.20,65725209.77,67410.47,3673,265.450585,17894.15
florence,Hurricane Florence,Hurricane,2018,37049960102,121,5785281.08,974011.38,180000.00,6939292.46,57349.52,4617,26.207494,1502.99
florence,Hurricane Florence,Hurricane,2018,37049960200,14,304958.44,54375.08,0.00,359333.52,25666.68,8057,1.737619,44.60
florence,Hurricane Florence,Hurricane,2018,37049960300,3,9908.00,6270.57,0.00,16178.57,5392.86,6784,0.442217,2.38
florence,Hurricane Florence,Hurricane,2018,37049960401,3,84671.76,8200.79,0.00,92872.55,30957.52,4485,0.668896,20.71
florence,Hurricane Florence,Hurricane,2018,37049960402,158,10869564.86,1359215.25,60000.00,12288780.11,77777.09,4215,37.485172,2915.49
florence,Hurricane Florence,Hurricane,2018,37049960403,140,11123521.28,1433708.41,38105.62,12595335.31,89966.68,4081,34.305317,3086.34
florence,Hurricane Florence,Hurricane,2018,37049960404,374,32597303.98,5393502.27,130644.39,38121450.64,101929.01,2999,124.708236,12711.39
florence,Hurricane Florence,Hurricane,2018,37049960500,94,5611210.31,618334.92,70052.79,6299598.02,67017.00,7546,12.456931,834.83
florence,Hurricane Florence,Hurricane,2018,37049960600,164,6311547.36,565056.36,75000.00,6951603.72,42387.83,5967,27.484498,1165.01
florence,Hurricane Florence,Hurricane,2018,37049960700,2,22045.74,7122.95,0.00,29168.69,14584.34,1825,1.095890,15.98
florence,Hurricane Florence,Hurricane,2018,37049960800,95,5743605.03,597005.88,202512.52,6543123.43,68874.98,2397,39.632874,2729.71
florence,Hurricane Florence,Hurricane,2018,37049960900,347,17835918.18,2518330.51,120000.00,20474248.69,59003.60,2100,165.238095,9749.64
florence,Hurricane Florence,Hurricane,2018,37049961001,76,4792049.14,694729.96,0.00,5486779.10,72194.46,11060,6.871609,496.09
florence,Hurricane Florence,Hurricane,2018,37049961002,23,970070.08,147171.69,0.00,1117241.77,48575.73,4284,5.368814,260.79
florence,Hurricane Florence,Hurricane,2018,37049961100,16,672615.37,74528.32,30000.00,777143.69,48571.48,8536,1.874414,91.04
florence,Hurricane Florence,Hurricane,2018,37049961301,31,1326126.09,227762.49,0.00,1553888.58,50125.44,3873,8.004131,401.21
florence,Hurricane Florence,Hurricane,2018,37049961302,30,885701.32,190918.16,0.00,1076619.48,35887.32,5513,5.441683,195.29
florence,Hurricane Florence,Hurricane,2018,37049961303,161,3359634.53,485815.66,34640.00,3880090.19,24099.94,3870,41.602067,1002.61
florence,Hurricane Florence,Hurricane,2018,37051000200,8,45150.45,715.70,0.00,45866.15,5733.27,2286,3.499563,20.06
florence,Hurricane Florence,Hurricane,2018,37051000600,3,62805.97,96.55,0.00,62902.52,20967.51,5358,0.559910,11.74
florence,Hurricane Florence,Hurricane,2018,37051000701,3,27082.12,0.00,0.00,27082.12,9027.37,5352,0.560538,5.06
florence,Hurricane Florence,Hurricane,2018,37051000702,1,11320.42,0.00,0.00,11320.42,11320.42,2222,0.450045,5.09
florence,Hurricane Florence,Hurricane,2018,37051000900,4,21629.63,0.00,0.00,21629.63,5407.41,4778,0.837170,4.53
florence,Hurricane Florence,Hurricane,2018,37051001100,2,17271.74,0.00,0.00,17271.74,8635.87,3995,0.500626,4.32
florence,Hurricane Florence,Hurricane,2018,37051001200,4,34000.00,1272.99,0.00,35272.99,8818.25,5345,0.748363,6.60
florence,Hurricane Florence,Hurricane,2018,37051001400,16,608642.42,91602.71,0.00,700245.13,43765.32,6382,2.507051,109.72
florence,Hurricane Florence,Hurricane,2018,37051001500,1,0.00,0.00,0.00,0.00,0.00,2978,0.335796,0.00
florence,Hurricane Florence,Hurricane,2018,37051001601,8,684057.41,35209.21,0.00,719266.62,89908.33,7698,1.039231,93.44
florence,Hurricane Florence,Hurricane,2018,37051001603,1,281.04,0.00,0.00,281.04,281.04,3884,0.257467,0.07
florence,Hurricane Florence,Hurricane,2018,37051001800,1,4763.83,0.00,0.00,4763.83,4763.83,2274,0.439754,2.09
florence,Hurricane Florence,Hurricane,2018,37051001901,1,0.00,0.00,0.00,0.00,0.00,2017,0.495786,0.00
florence,Hurricane Florence,Hurricane,2018,37051001902,1,13675.57,1400.00,0.00,15075.57,15075.57,4473,0.223564,3.37
florence,Hurricane Florence,Hurricane,2018,37051002001,2,3835.05,0.00,0.00,3835.05,1917.53,2828,0.707214,1.36
florence,Hurricane Florence,Hurricane,2018,37051002002,1,5896.09,0.00,0.00,5896.09,5896.09,4767,0.209776,1.24
florence,Hurricane Florence,Hurricane,2018,37051002100,1,100.00,0.00,0.00,100.00,100.00,3752,0.266525,0.03
florence,Hurricane Florence,Hurricane,2018,37051002501,3,21496.54,1448.73,0.00,22945.27,7648.42,7421,0.404258,3.09
florence,Hurricane Florence,Hurricane,2018,37051002502,4,13883.96,0.00,0.00,13883.96,3470.99,7622,0.524797,1.82
florence,Hurricane Florence,Hurricane,2018,37051002503,1,5036.13,1585.50,0.00,6621.63,6621.63,4572,0.218723,1.45
florence,Hurricane Florence,Hurricane,2018,37051002504,5,13599.12,0.00,0.00,13599.12,2719.82,7421,0.673764,1.83
florence,Hurricane Florence,Hurricane,2018,37051002600,16,277453.76,20464.25,0.00,297918.01,18619.88,5045,3.171457,59.05
florence,Hurricane Florence,Hurricane,2018,37051002700,3,37433.00,6676.68,0.00,44109.68,14703.23,8168,0.367287,5.40
florence,Hurricane Florence,Hurricane,2018,37051002800,1,72.86,0.00,0.00,72.86,72.86,6782,0.147449,0.01
florence,Hurricane Florence,Hurricane,2018,37051002900,4,186728.42,33132.57,0.00,219860.99,54965.25,4062,0.984737,54.13
florence,Hurricane Florence,Hurricane,2018,37051003001,3,11151.08,0.00,0.00,11151.08,3717.03,13143,0.228258,0.85
florence,Hurricane Florence,Hurricane,2018,37051003002,5,61359.83,4205.36,0.00,65565.19,13113.04,2641,1.893222,24.83
florence,Hurricane Florence,Hurricane,2018,37051003103,1,5635.75,0.00,0.00,5635.75,5635.75,5528,0.180897,1.02
florence,Hurricane Florence,Hurricane,2018,37051003201,3,953.71,0.00,0.00,953.71,317.90,12483,0.240327,0.08
florence,Hurricane Florence,Hurricane,2018,37051003203,8,249901.83,0.00,0.00,249901.83,31237.73,5273,1.517163,47.39
florence,Hurricane Florence,Hurricane,2018,37051003204,1,1433.07,0.00,0.00,1433.07,1433.07,8270,0.120919,0.17
florence,Hurricane Florence,Hurricane,2018,37051003205,8,78911.89,0.00,0.00,78911.89,9863.99,5376,1.488095,14.68
florence,Hurricane Florence,Hurricane,2018,37051003302,2,75064.01,15731.17,0.00,90795.18,45397.59,5871,0.340657,15.47
florence,Hurricane Florence,Hurricane,2018,37051003304,3,36441.96,0.00,0.00,36441.96,12147.32,6888,0.435540,5.29
florence,Hurricane Florence,Hurricane,2018,37051003305,1,27405.66,11767.25,0.00,39172.91,39172.91,6164,0.162232,6.36
florence,Hurricane Florence,Hurricane,2018,37051003307,2,18198.25,0.00,0.00,18198.25,9099.13,4396,0.454959,4.14
florence,Hurricane Florence,Hurricane,2018,37051003309,3,19653.59,0.00,0.00,19653.59,6551.20,6830,0.439239,2.88
florence,Hurricane Florence,Hurricane,2018,37051003310,2,16296.88,306.94,0.00,16603.82,8301.91,4835,0.413650,3.43
florence,Hurricane Florence,Hurricane,2018,37051003312,1,0.00,0.00,0.00,0.00,0.00,6843,0.146135,0.00
florence,Hurricane Florence,Hurricane,2018,37051003313,2,0.00,0.00,0.00,0.00,0.00,7883,0.253711,0.00
florence,Hurricane Florence,Hurricane,2018,37051003314,1,25079.39,3311.62,0.00,28391.01,28391.01,7588,0.131787,3.74
florence,Hurricane Florence,Hurricane,2018,37051003500,2,14511.33,0.00,0.00,14511.33,7255.66,4722,0.423549,3.07
florence,Hurricane Florence,Hurricane,2018,37051003600,2,224635.83,46569.08,0.00,271204.91,135602.45,5683,0.351927,47.72
florence,Hurricane Florence,Hurricane,2018,37051003700,6,781500.79,108203.91,0.00,889704.70,148284.12,7325,0.819113,121.46
florence,Hurricane Florence,Hurricane,2018,37051003800,7,75124.59,19305.50,0.00,94430.09,13490.01,2925,2.393162,32.28
florence,Hurricane Florence,Hurricane,2018,37053110102,2,230.24,0.00,0.00,230.24,115.12,1439,1.389854,0.16
florence,Hurricane Florence,Hurricane,2018,37053110200,1,1773.79,0.00,0.00,1773.79,1773.79,7726,0.129433,0.23
florence,Hurricane Florence,Hurricane,2018,37053110301,9,125988.64,22915.17,0.00,148903.81,16544.87,4438,2.027941,33.55
florence,Hurricane Florence,Hurricane,2018,37053110302,1,5749.43,0.00,0.00,5749.43,5749.43,3452,0.289687,1.67
florence,Hurricane Florence,Hurricane,2018,37053110401,8,70911.13,0.00,0.00,70911.13,8863.89,3752,2.132196,18.90
florence,Hurricane Florence,Hurricane,2018,37053110402,1,0.00,0.00,0.00,0.00,0.00,4057,0.246488,0.00
florence,Hurricane Florence,Hurricane,2018,37055970200,1,0.00,0.00,0.00,0.00,0.00,4469,0.223764,0.00
florence,Hurricane Florence,Hurricane,2018,37055970300,2,0.00,0.00,0.00,0.00,0.00,6665,0.300075,0.00
florence,Hurricane Florence,Hurricane,2018,37055970400,4,23208.03,0.00,0.00,23208.03,5802.01,2908,1.375516,7.98
florence,Hurricane Florence,Hurricane,2018,37055970502,35,332489.78,3760.70,0.00,336250.48,9607.16,3746,9.343300,89.76
florence,Hurricane Florence,Hurricane,2018,37055970601,3,11700.99,0.00,0.00,11700.99,3900.33,7264,0.412996,1.61
florence,Hurricane Florence,Hurricane,2018,37055970602,1,0.00,0.00,0.00,0.00,0.00,1957,0.510986,0.00
florence,Hurricane Florence,Hurricane,2018,37057060301,1,50350.11,27870.47,0.00,78220.58,78220.58,4907,0.203791,15.94
florence,Hurricane Florence,Hurricane,2018,37057060302,1,2049.09,2799.97,0.00,4849.06,4849.06,3969,0.251953,1.22
florence,Hurricane Florence,Hurricane,2018,37057061000,1,0.00,0.00,0.00,0.00,0.00,4888,0.204583,0.00
florence,Hurricane Florence,Hurricane,2018,37057061804,2,22936.00,0.00,0.00,22936.00,11468.00,6091,0.328353,3.77
florence,Hurricane Florence,Hurricane,2018,37061090100,1,9495.97,7624.69,0.00,17120.66,17120.66,9818,0.101854,1.74
florence,Hurricane Florence,Hurricane,2018,37061090400,11,1281954.60,193641.91,0.00,1475596.51,134145.14,5485,2.005469,269.02
florence,Hurricane Florence,Hurricane,2018,37061090501,5,128238.12,49654.70,0.00,177892.82,35578.56,6043,0.827404,29.44
florence,Hurricane Florence,Hurricane,2018,37061090502,11,738605.78,258470.91,0.00,997076.69,90643.34,4490,2.449889,222.07
florence,Hurricane Florence,Hurricane,2018,37061090600,24,1641985.01,370235.59,0.00,2012220.60,83842.53,3777,6.354249,532.76
florence,Hurricane Florence,Hurricane,2018,37061090701,129,18467670.08,5784755.59,30000.00,24282425.67,188235.86,4022,32.073595,6037.40
florence,Hurricane Florence,Hurricane,2018,37061090702,16,1205803.56,800543.39,0.00,2006346.95,125396.68,6742,2.373183,297.59
florence,Hurricane Florence,Hurricane,2018,37061090802,3,140753.77,50852.85,0.00,191606.62,63868.87,5402,0.555350,35.47
florence,Hurricane Florence,Hurricane,2018,37063000101,1,13853.01,0.00,0.00,13853.01,13853.01,3069,0.325839,4.51
florence,Hurricane Florence,Hurricane,2018,37063000102,7,90683.97,0.00,0.00,90683.97,12954.85,4386,1.595987,20.68
florence,Hurricane Florence,Hurricane,2018,37063000200,1,11173.51,1248.90,0.00,12422.41,12422.41,3216,0.310945,3.86
florence,Hurricane Florence,Hurricane,2018,37063000302,1,5305.38,0.00,0.00,5305.38,5305.38,3556,0.281215,1.49
florence,Hurricane Florence,Hurricane,2018,37063000401,2,61019.18,0.00,0.00,61019.18,30509.59,2916,0.685871,20.93
florence,Hurricane Florence,Hurricane,2018,37063000600,2,485.75,0.00,0.00,485.75,242.88,5559,0.359777,0.09
florence,Hurricane Florence,Hurricane,2018,37063000700,1,7085.36,0.00,0.00,7085.36,7085.36,3606,0.277316,1.96
florence,Hurricane Florence,Hurricane,2018,37063001304,1,10026.92,0.00,0.00,10026.92,10026.92,3226,0.309981,3.11
florence,Hurricane Florence,Hurricane,2018,37063001601,3,76077.01,40063.80,0.00,116140.81,38713.60,6107,0.491240,19.02
florence,Hurricane Florence,Hurricane,2018,37063001603,1,0.00,0.00,0.00,0.00,0.00,6586,0.151837,0.00
florence,Hurricane Florence,Hurricane,2018,37063001604,6,137470.68,25546.17,0.00,163016.85,27169.48,6532,0.918555,24.96
florence,Hurricane Florence,Hurricane,2018,37063001708,5,272144.56,16242.07,0.00,288386.63,57677.33,5273,0.948227,54.69
florence,Hurricane Florence,Hurricane,2018,37063001711,1,18583.67,7261.21,0.00,25844.88,25844.88,4473,0.223564,5.78
florence,Hurricane Florence,Hurricane,2018,37063002007,3,20071.55,0.00,0.00,20071.55,6690.52,4929,0.608643,4.07
florence,Hurricane Florence,Hurricane,2018,37063002008,3,36129.30,0.00,0.00,36129.30,12043.10,3065,0.978793,11.79
florence,Hurricane Florence,Hurricane,2018,37063002015,2,5583.94,0.00,0.00,5583.94,2791.97,5938,0.336814,0.94
florence,Hurricane Florence,Hurricane,2018,37063002017,1,8846.11,0.00,0.00,8846.11,8846.11,7805,0.128123,1.13
florence,Hurricane Florence,Hurricane,2018,37063002018,2,45147.79,0.00,0.00,45147.79,22573.90,9409,0.212562,4.80
florence,Hurricane Florence,Hurricane,2018,37063002100,1,4967.21,0.00,0.00,4967.21,4967.21,9396,0.106428,0.53
florence,Hurricane Florence,Hurricane,2018,37067002603,1,2334.96,0.00,0.00,2334.96,2334.96,5702,0.175377,0.41
florence,Hurricane Florence,Hurricane,2018,37067002701,1,14898.12,0.00,0.00,14898.12,14898.12,6836,0.146284,2.18
florence,Hurricane Florence,Hurricane,2018,37067002804,1,4854.87,133.97,0.00,4988.84,4988.84,4225,0.236686,1.18
florence,Hurricane Florence,Hurricane,2018,37067003004,1,14466.18,6120.28,0.00,20586.46,20586.46,3835,0.260756,5.37
florence,Hurricane Florence,Hurricane,2018,37067004015,1,0.00,0.00,0.00,0.00,0.00,4580,0.218341,0.00
florence,Hurricane Florence,Hurricane,2018,37071032703,1,678.52,0.00,0.00,678.52,678.52,2014,0.496524,0.34
florence,Hurricane Florence,Hurricane,2018,37077970701,2,66711.42,2000.00,0.00,68711.42,34355.71,5499,0.363702,12.50
florence,Hurricane Florence,Hurricane,2018,37079950101,1,15933.53,258.58,0.00,16192.11,16192.11,3818,0.261917,4.24
florence,Hurricane Florence,Hurricane,2018,37079950102,1,13536.85,0.00,0.00,13536.85,13536.85,5355,0.186741,2.53
florence,Hurricane Florence,Hurricane,2018,37081010200,4,27632.30,1201.44,0.00,28833.74,7208.43,4797,0.833854,6.01
florence,Hurricane Florence,Hurricane,2018,37081010401,2,9044.94,0.00,0.00,9044.94,4522.47,1535,1.302932,5.89
florence,Hurricane Florence,Hurricane,2018,37081010404,4,116659.35,0.00,0.00,116659.35,29164.84,2465,1.622718,47.33
florence,Hurricane Florence,Hurricane,2018,37081010601,1,9245.47,0.00,0.00,9245.47,9245.47,2637,0.379219,3.51
florence,Hurricane Florence,Hurricane,2018,37081011102,1,1934.97,0.00,0.00,1934.97,1934.97,2623,0.381243,0.74
florence,Hurricane Florence,Hurricane,2018,37081011602,15,902175.85,0.00,0.00,902175.85,60145.06,3668,4.089422,245.96
florence,Hurricane Florence,Hurricane,2018,37081012504,2,121753.74,0.00,0.00,121753.74,60876.87,3598,0.555864,33.84
florence,Hurricane Florence,Hurricane,2018,37081014411,1,18000.00,0.00,0.00,18000.00,18000.00,5485,0.182315,3.28
florence,Hurricane Florence,Hurricane,2018,37081015100,1,10943.44,0.00,0.00,10943.44,10943.44,4069,0.245761,2.69
florence,Hurricane Florence,Hurricane,2018,37081015401,1,32557.29,15998.82,0.00,48556.11,48556.11,6009,0.166417,8.08
florence,Hurricane Florence,Hurricane,2018,37081016203,1,44039.25,7604.35,0.00,51643.60,51643.60,4684,0.213493,11.03
florence,Hurricane Florence,Hurricane,2018,37081016304,1,0.00,0.00,0.00,0.00,0.00,3614,0.276702,0.00
florence,Hurricane Florence,Hurricane,2018,37081016306,1,0.00,0.00,0.00,0.00,0.00,4884,0.204750,0.00
florence,Hurricane Florence,Hurricane,2018,37081016410,1,19420.14,0.00,0.00,19420.14,19420.14,6648,0.150421,2.92
florence,Hurricane Florence,Hurricane,2018,37081016502,1,0.00,0.00,0.00,0.00,0.00,5643,0.177211,0.00
florence,Hurricane Florence,Hurricane,2018,37081016600,2,33199.91,0.00,0.00,33199.91,16599.96,2377,0.841397,13.97
florence,Hurricane Florence,Hurricane,2018,37081016701,2,16672.65,1275.43,0.00,17948.08,8974.04,5910,0.338409,3.04
florence,Hurricane Florence,Hurricane,2018,37081016800,1,19525.77,0.00,0.00,19525.77,19525.77,7934,0.126040,2.46
florence,Hurricane Florence,Hurricane,2018,37081017200,1,0.00,0.00,0.00,0.00,0.00,7591,0.131735,0.00
florence,Hurricane Florence,Hurricane,2018,37083930200,1,0.00,0.00,0.00,0.00,0.00,5019,0.199243,0.00
florence,Hurricane Florence,Hurricane,2018,37085070100,6,80750.07,0.00,0.00,80750.07,13458.34,4626,1.297017,17.46
florence,Hurricane Florence,Hurricane,2018,37085070200,1,0.00,0.00,0.00,0.00,0.00,3147,0.317763,0.00
florence,Hurricane Florence,Hurricane,2018,37085070300,2,39044.43,2307.51,0.00,41351.94,20675.97,5221,0.383068,7.92
florence,Hurricane Florence,Hurricane,2018,37085070401,1,1310.66,6236.67,0.00,7547.33,7547.33,4107,0.243487,1.84
florence,Hurricane Florence,Hurricane,2018,37085070500,9,318211.45,2169.59,0.00,320381.04,35597.89,6224,1.446015,51.48
florence,Hurricane Florence,Hurricane,2018,37085070600,8,271686.01,75887.01,0.00,347573.02,43446.63,4610,1.735358,75.40
florence,Hurricane Florence,Hurricane,2018,37085070700,2,20498.03,2101.45,0.00,22599.48,11299.74,5359,0.373204,4.22
florence,Hurricane Florence,Hurricane,2018,37085070802,2,7617.01,0.00,0.00,7617.01,3808.51,4663,0.428908,1.63
florence,Hurricane Florence,Hurricane,2018,37085070901,1,0.00,0.00,0.00,0.00,0.00,3123,0.320205,0.00
florence,Hurricane Florence,Hurricane,2018,37085071002,3,14314.99,3014.46,0.00,17329.45,5776.48,3367,0.891001,5.15
florence,Hurricane Florence,Hurricane,2018,37085071201,2,103262.54,52378.91,0.00,155641.45,77820.73,2795,0.715564,55.69
florence,Hurricane Florence,Hurricane,2018,37085071202,1,11822.88,0.00,0.00,11822.88,11822.88,5072,0.197161,2.33
florence,Hurricane Florence,Hurricane,2018,37085071204,3,25206.70,0.00,0.00,25206.70,8402.23,6578,0.456066,3.83
florence,Hurricane Florence,Hurricane,2018,37085071303,2,0.00,0.00,0.00,0.00,0.00,10939,0.182832,0.00
florence,Hurricane Florence,Hurricane,2018,37089931300,1,25714.49,0.00,0.00,25714.49,25714.49,4060,0.246305,6.33
florence,Hurricane Florence,Hurricane,2018,37093970101,1,56011.94,283.73,0.00,56295.67,56295.67,9925,0.100756,5.67
florence,Hurricane Florence,Hurricane,2018,37093970102,1,0.00,0.00,0.00,0.00,0.00,13259,0.075420,0.00
florence,Hurricane Florence,Hurricane,2018,37093970103,2,70097.71,30180.35,0.00,100278.06,50139.03,8672,0.230627,11.56
florence,Hurricane Florence,Hurricane,2018,37093970201,3,53701.33,0.00,0.00,53701.33,17900.44,5261,0.570234,10.21
florence,Hurricane Florence,Hurricane,2018,37093970401,2,29749.24,0.00,0.00,29749.24,14874.62,3884,0.514933,7.66
florence,Hurricane Florence,Hurricane,2018,37093970402,1,2164.07,0.00,0.00,2164.07,2164.07,3112,0.321337,0.70
florence,Hurricane Florence,Hurricane,2018,37095920100,27,391046.52,57605.61,0.00,448652.13,16616.75,5393,5.006490,83.19
florence,Hurricane Florence,Hurricane,2018,37101040100,1,9144.26,0.00,0.00,9144.26,9144.26,7475,0.133779,1.22
florence,Hurricane Florence,Hurricane,2018,37101040301,1,2989.89,0.00,0.00,2989.89,2989.89,4635,0.215750,0.65
florence,Hurricane Florence,Hurricane,2018,37101040800,2,20296.29,0.00,0.00,20296.29,10148.15,3534,0.565931,5.74
florence,Hurricane Florence,Hurricane,2018,37101041002,2,3145.16,0.00,0.00,3145.16,1572.58,8749,0.228598,0.36
florence,Hurricane Florence,Hurricane,2018,37101041102,1,1959.08,0.00,0.00,1959.08,1959.08,13057,0.076587,0.15
florence,Hurricane Florence,Hurricane,2018,37101041201,1,0.00,0.00,0.00,0.00,0.00,4002,0.249875,0.00
florence,Hurricane Florence,Hurricane,2018,37101041202,1,9356.89,0.00,0.00,9356.89,9356.89,5299,0.188715,1.77
florence,Hurricane Florence,Hurricane,2018,37101041300,3,52630.66,0.00,0.00,52630.66,17543.55,6704,0.447494,7.85
florence,Hurricane Florence,Hurricane,2018,37103920100,44,5969720.40,1325871.64,60000.00,7355592.04,167172.55,3685,11.940299,1996.09
florence,Hurricane Florence,Hurricane,2018,37103920200,36,3856194.20,827108.74,30000.00,4713302.94,130925.08,2850,12.631579,1653.79
florence,Hurricane Florence,Hurricane,2018,37103920300,21,1187596.84,378839.66,0.00,1566436.50,74592.21,3160,6.645570,495.71
florence,Hurricane Florence,Hurricane,2018,37105030501,7,251657.45,7886.89,0.00,259544.34,37077.76,4388,1.595260,59.15
florence,Hurricane Florence,Hurricane,2018,37105030601,1,48390.11,25974.18,0.00,74364.29,74364.29,2981,0.335458,24.95
florence,Hurricane Florence,Hurricane,2018,37105030702,1,25000.00,0.00,0.00,25000.00,25000.00,4222,0.236855,5.92
florence,Hurricane Florence,Hurricane,2018,37107010100,13,74095.51,1131.99,0.00,75227.50,5786.73,4058,3.203549,18.54
florence,Hurricane Florence,Hurricane,2018,37107010200,15,536829.57,12247.67,0.00,549077.24,36605.15,2592,5.787037,211.84
florence,Hurricane Florence,Hurricane,2018,37107010400,2,41525.31,4783.35,0.00,46308.66,23154.33,767,2.607562,60.38
florence,Hurricane Florence,Hurricane,2018,37107010500,3,17293.79,5600.00,0.00,22893.79,7631.26,3554,0.844119,6.44
florence,Hurricane Florence,Hurricane,2018,37107010600,3,8021.75,0.00,0.00,8021.75,2673.92,3589,0.835887,2.24
florence,Hurricane Florence,Hurricane,2018,37107010700,1,53532.21,0.00,0.00,53532.21,53532.21,2115,0.472813,25.31
florence,Hurricane Florence,Hurricane,2018,37107010800,11,280037.51,347.29,0.00,280384.80,25489.53,5133,2.142996,54.62
florence,Hurricane Florence,Hurricane,2018,37107010900,3,85812.54,6063.40,0.00,91875.94,30625.31,3167,0.947269,29.01
florence,Hurricane Florence,Hurricane,2018,37107011001,7,130702.51,5544.84,0.00,136247.35,19463.91,4807,1.456210,28.34
florence,Hurricane Florence,Hurricane,2018,37107011002,2,52553.39,24756.67,0.00,77310.06,38655.03,3850,0.519481,20.08
florence,Hurricane Florence,Hurricane,2018,37107011100,3,31088.78,6098.10,0.00,37186.88,12395.63,5789,0.518224,6.42
florence,Hurricane Florence,Hurricane,2018,37107011200,2,50162.33,0.00,0.00,50162.33,25081.16,7537,0.265358,6.66
florence,Hurricane Florence,Hurricane,2018,37107011300,25,1484272.57,924082.90,0.00,2408355.47,96334.22,4769,5.242189,505.00
florence,Hurricane Florence,Hurricane,2018,37107011400,28,1036548.48,89248.42,0.00,1125796.90,40207.03,3996,7.007007,281.73
florence,Hurricane Florence,Hurricane,2018,37119001100,2,6293.24,73.23,0.00,6366.47,3183.23,2702,0.740192,2.36
florence,Hurricane Florence,Hurricane,2018,37119001504,1,18828.80,0.00,0.00,18828.80,18828.80,7592,0.131718,2.48
florence,Hurricane Florence,Hurricane,2018,37119001916,1,0.00,0.00,0.00,0.00,0.00,4150,0.240964,0.00
florence,Hurricane Florence,Hurricane,2018,37119001922,1,487.21,0.00,0.00,487.21,487.21,4577,0.218484,0.11
florence,Hurricane Florence,Hurricane,2018,37119002800,6,16162.11,0.00,0.00,16162.11,2693.68,3964,1.513623,4.08
florence,Hurricane Florence,Hurricane,2018,37119002903,1,78578.99,1060.23,0.00,79639.22,79639.22,3931,0.254388,20.26
florence,Hurricane Florence,Hurricane,2018,37119003007,2,18080.09,0.00,0.00,18080.09,9040.05,7087,0.282207,2.55
florence,Hurricane Florence,Hurricane,2018,37119003008,2,257293.91,3800.54,0.00,261094.45,130547.23,5853,0.341705,44.61
florence,Hurricane Florence,Hurricane,2018,37119003013,7,166245.51,7886.33,0.00,174131.84,24875.98,5495,1.273885,31.69
florence,Hurricane Florence,Hurricane,2018,37119005512,1,0.00,0.00,0.00,0.00,0.00,4833,0.206911,0.00
florence,Hurricane Florence,Hurricane,2018,37119005713,1,9356.36,0.00,0.00,9356.36,9356.36,4329,0.231000,2.16
florence,Hurricane Florence,Hurricane,2018,37119005811,2,0.00,0.00,0.00,0.00,0.00,4547,0.439850,0.00
florence,Hurricane Florence,Hurricane,2018,37119005816,1,18954.71,0.00,0.00,18954.71,18954.71,4605,0.217155,4.12
florence,Hurricane Florence,Hurricane,2018,37119005824,2,1718.13,0.00,0.00,1718.13,859.07,4238,0.471921,0.41
florence,Hurricane Florence,Hurricane,2018,37119005826,2,10520.84,5357.04,0.00,15877.88,7938.94,2968,0.673854,5.35
florence,Hurricane Florence,Hurricane,2018,37119005832,2,1893.26,0.00,0.00,1893.26,946.63,3177,0.629525,0.60
florence,Hurricane Florence,Hurricane,2018,37119005835,1,0.00,0.00,0.00,0.00,0.00,2975,0.336134,0.00
florence,Hurricane Florence,Hurricane,2018,37119005848,2,29916.41,2669.98,0.00,32586.39,16293.19,5594,0.357526,5.83
florence,Hurricane Florence,Hurricane,2018,37119006203,1,0.00,0.00,0.00,0.00,0.00,5056,0.197785,0.00
florence,Hurricane Florence,Hurricane,2018,37123960300,1,16080.65,0.00,0.00,16080.65,16080.65,3762,0.265816,4.27
florence,Hurricane Florence,Hurricane,2018,37125950501,9,170626.48,79895.02,0.00,250521.50,27835.72,6720,1.339286,37.28
florence,Hurricane Florence,Hurricane,2018,37125950502,4,37044.18,0.00,0.00,37044.18,9261.05,7984,0.501002,4.64
florence,Hurricane Florence,Hurricane,2018,37125950601,1,5175.82,0.00,0.00,5175.82,5175.82,3754,0.266383,1.38
florence,Hurricane Florence,Hurricane,2018,37125950602,3,65120.87,4036.17,0.00,69157.04,23052.35,6791,0.441761,10.18
florence,Hurricane Florence,Hurricane,2018,37125950701,1,157.98,1861.14,0.00,2019.12,2019.12,5139,0.194590,0.39
florence,Hurricane Florence,Hurricane,2018,37125950702,3,9058.66,0.00,0.00,9058.66,3019.55,2566,1.169135,3.53
florence,Hurricane Florence,Hurricane,2018,37125950802,1,0.00,0.00,0.00,0.00,0.00,3918,0.255232,0.00
florence,Hurricane Florence,Hurricane,2018,37125951000,2,26690.05,0.00,0.00,26690.05,13345.02,5725,0.349345,4.66
florence,Hurricane Florence,Hurricane,2018,37127010503,1,0.00,1000.00,0.00,1000.00,1000.00,2749,0.363769,0.36
florence,Hurricane Florence,Hurricane,2018,37127010800,1,0.00,0.00,0.00,0.00,0.00,7180,0.139276,0.00
florence,Hurricane Florence,Hurricane,2018,37127011101,1,1000.00,0.00,0.00,1000.00,1000.00,6877,0.145412,0.15
florence,Hurricane Florence,Hurricane,2018,37129010100,9,368194.07,27943.19,0.00,396137.26,44015.25,2267,3.970004,174.74
florence,Hurricane Florence,Hurricane,2018,37129010200,13,810653.74,45872.31,0.00,856526.05,65886.62,3503,3.711105,244.51
florence,Hurricane Florence,Hurricane,2018,37129010300,27,456739.80,27079.47,30000.00,513819.27,19030.34,5902,4.574720,87.06
florence,Hurricane Florence,Hurricane,2018,37129010400,30,905162.78,95152.58,0.00,1000315.36,33343.85,3031,9.897724,330.03
florence,Hurricane Florence,Hurricane,2018,37129010501,4,289881.78,0.00,0.00,289881.78,72470.45,4396,0.909918,65.94
florence,Hurricane Florence,Hurricane,2018,37129010502,5,63857.60,0.00,0.00,63857.60,12771.52,8648,0.578168,7.38
florence,Hurricane Florence,Hurricane,2018,37129010600,5,34675.69,11469.41,0.00,46145.10,9229.02,4147,1.205691,11.13
florence,Hurricane Florence,Hurricane,2018,37129010700,8,32880.35,7009.63,0.00,39889.98,4986.25,4593,1.741781,8.68
florence,Hurricane Florence,Hurricane,2018,37129010800,2,0.00,0.00,0.00,0.00,0.00,2907,0.687994,0.00
florence,Hurricane Florence,Hurricane,2018,37129010900,1,7319.16,0.00,0.00,7319.16,7319.16,2415,0.414079,3.03
florence,Hurricane Florence,Hurricane,2018,37129011200,2,866.66,0.00,0.00,866.66,433.33,2540,0.787402,0.34
florence,Hurricane Florence,Hurricane,2018,37129011300,13,219618.58,6663.32,0.00,226281.90,17406.30,1816,7.158590,124.60
florence,Hurricane Florence,Hurricane,2018,37129011500,16,505726.99,121639.47,0.00,627366.46,39210.40,8000,2.000000,78.42
florence,Hurricane Florence,Hurricane,2018,37129011603,29,1359694.39,510402.84,30000.00,1900097.23,65520.59,7781,3.727027,244.20
florence,Hurricane Florence,Hurricane,2018,37129011605,12,397582.13,90595.68,0.00,488177.81,40681.48,5603,2.141710,87.13
florence,Hurricane Florence,Hurricane,2018,37129011606,8,359457.48,39750.96,0.00,399208.44,49901.06,5114,1.564333,78.06
florence,Hurricane Florence,Hurricane,2018,37129011607,24,1109770.97,254241.04,0.00,1364012.01,56833.83,12732,1.885014,107.13
florence,Hurricane Florence,Hurricane,2018,37129011608,22,1011821.34,313872.13,0.00,1325693.47,60258.79,6144,3.580729,215.77
florence,Hurricane Florence,Hurricane,2018,37129011701,11,218734.94,21849.04,0.00,240583.98,21871.27,4811,2.286427,50.01
florence,Hurricane Florence,Hurricane,2018,37129011703,29,328552.88,12587.07,0.00,341139.95,11763.45,4298,6.747324,79.37
florence,Hurricane Florence,Hurricane,2018,37129011705,80,1272601.64,111218.68,0.00,1383820.32,17297.75,9112,8.779631,151.87
florence,Hurricane Florence,Hurricane,2018,37129011800,619,5689585.12,498042.54,0.00,6187627.66,9996.17,2536,244.085174,2439.92
florence,Hurricane Florence,Hurricane,2018,37129011902,4,101801.42,11161.16,0.00,112962.58,28240.64,5931,0.674423,19.05
florence,Hurricane Florence,Hurricane,2018,37129011903,4,57866.59,0.00,0.00,57866.59,14466.65,9015,0.443705,6.42
florence,Hurricane Florence,Hurricane,2018,37129011904,13,221882.31,2218.47,0.00,224100.78,17238.52,2834,4.587156,79.08
florence,Hurricane Florence,Hurricane,2018,37129012001,30,284653.71,33273.19,0.00,317926.90,10597.56,7406,4.050770,42.93
florence,Hurricane Florence,Hurricane,2018,37129012004,35,707161.89,73640.61,0.00,780802.50,22308.64,3740,9.358289,208.77
florence,Hurricane Florence,Hurricane,2018,37129012006,2,68279.97,0.00,0.00,68279.97,34139.99,4536,0.440917,15.05
florence,Hurricane Florence,Hurricane,2018,37129012007,7,196873.25,53010.78,0.00,249884.03,35697.72,4413,1.586223,56.62
florence,Hurricane Florence,Hurricane,2018,37129012008,2,0.00,0.00,0.00,0.00,0.00,5994,0.333667,0.00
florence,Hurricane Florence,Hurricane,2018,37129012009,10,66090.96,1510.44,0.00,67601.40,6760.14,7402,1.350986,9.13
florence,Hurricane Florence,Hurricane,2018,37129012010,5,106384.56,9839.97,0.00,116224.53,23244.91,5362,0.932488,21.68
florence,Hurricane Florence,Hurricane,2018,37129012101,11,83001.99,9230.81,0.00,92232.80,8384.80,9076,1.211988,10.16
florence,Hurricane Florence,Hurricane,2018,37129012103,29,466071.50,13017.97,0.00,479089.47,16520.33,4463,6.497871,107.35
florence,Hurricane Florence,Hurricane,2018,37129012104,30,306260.71,26463.00,0.00,332723.71,11090.79,6506,4.611128,51.14
florence,Hurricane Florence,Hurricane,2018,37129012105,40,111737.60,25495.85,0.00,137233.45,3430.84,11309,3.537006,12.13
florence,Hurricane Florence,Hurricane,2018,37129012201,386,1006055.25,73975.88,30000.00,1110031.13,2875.73,2822,136.782424,393.35
florence,Hurricane Florence,Hurricane,2018,37129012202,320,2264766.47,289284.52,0.00,2554050.99,7981.41,3372,94.899170,757.43
florence,Hurricane Florence,Hurricane,2018,37129012203,120,889657.79,30274.03,0.00,919931.82,7666.10,2271,52.840159,405.08
florence,Hurricane Florence,Hurricane,2018,37129012300,153,2006921.71,188982.69,0.00,2195904.40,14352.32,8823,17.341040,248.88
florence,Hurricane Florence,Hurricane,2018,37133000102,34,821824.30,30721.44,0.00,852545.74,25074.87,9332,3.643378,91.36
florence,Hurricane Florence,Hurricane,2018,37133000103,13,860764.95,215565.85,0.00,1076330.80,82794.68,5460,2.380952,197.13
florence,Hurricane Florence,Hurricane,2018,37133000201,24,1036593.84,352708.36,0.00,1389302.20,57887.59,12082,1.986426,114.99
florence,Hurricane Florence,Hurricane,2018,37133000202,40,2687941.97,639546.09,0.00,3327488.06,83187.20,10463,3.822995,318.02
florence,Hurricane Florence,Hurricane,2018,37133000301,1,9721.52,0.00,0.00,9721.52,9721.52,6191,0.161525,1.57
florence,Hurricane Florence,Hurricane,2018,37133000302,12,724921.28,218187.01,30000.00,973108.29,81092.36,10132,1.184366,96.04
florence,Hurricane Florence,Hurricane,2018,37133000401,10,80283.77,9091.66,0.00,89375.43,8937.54,6180,1.618123,14.46
florence,Hurricane Florence,Hurricane,2018,37133000402,53,822107.93,99345.43,0.00,921453.36,17385.91,7494,7.072325,122.96
florence,Hurricane Florence,Hurricane,2018,37133000403,691,7206185.33,234709.48,7537.00,7448431.81,10779.21,1420,486.619718,5245.37
florence,Hurricane Florence,Hurricane,2018,37133001101,4,44089.70,6512.29,0.00,50601.99,12650.50,4912,0.814332,10.30
florence,Hurricane Florence,Hurricane,2018,37133001200,18,927534.99,90492.35,0.00,1018027.34,56557.07,10681,1.685235,95.31
florence,Hurricane Florence,Hurricane,2018,37133001300,9,127914.56,17981.38,0.00,145895.94,16210.66,17595,0.511509,8.29
florence,Hurricane Florence,Hurricane,2018,37133001400,5,20572.24,355.01,0.00,20927.25,4185.45,5217,0.958405,4.01
florence,Hurricane Florence,Hurricane,2018,37133001500,4,57272.92,16511.43,0.00,73784.35,18446.09,2725,1.467890,27.08
florence,Hurricane Florence,Hurricane,2018,37133001700,6,36511.25,0.00,0.00,36511.25,6085.21,2246,2.671416,16.26
florence,Hurricane Florence,Hurricane,2018,37133001800,44,1782476.72,205428.17,19255.21,2007160.10,45617.27,1884,23.354565,1065.37
florence,Hurricane Florence,Hurricane,2018,37133002100,23,1215672.83,292206.05,0.00,1507878.88,65559.95,6440,3.571429,234.14
florence,Hurricane Florence,Hurricane,2018,37133002201,5,78587.91,26275.39,0.00,104863.30,20972.66,4733,1.056412,22.16
florence,Hurricane Florence,Hurricane,2018,37133002202,7,252725.14,32428.09,0.00,285153.23,40736.18,4340,1.612903,65.70
florence,Hurricane Florence,Hurricane,2018,37133002300,11,794476.73,153525.93,0.00,948002.66,86182.06,3727,2.951435,254.36
florence,Hurricane Florence,Hurricane,2018,37133002400,21,1846504.20,65865.38,0.00,1912369.58,91065.22,7656,2.742947,249.79
florence,Hurricane Florence,Hurricane,2018,37133002500,3,257126.53,100000.00,0.00,357126.53,119042.18,3387,0.885740,105.44
florence,Hurricane Florence,Hurricane,2018,37133002600,7,64574.73,202261.65,0.00,266836.38,38119.48,3238,2.161828,82.41
florence,Hurricane Florence,Hurricane,2018,37133002800,24,276090.69,63799.81,0.00,339890.50,14162.10,8800,2.727273,38.62
florence,Hurricane Florence,Hurricane,2018,37135010704,2,3753.50,0.00,0.00,3753.50,1876.75,5578,0.358551,0.67
florence,Hurricane Florence,Hurricane,2018,37135010705,5,71969.45,1482.43,0.00,73451.88,14690.38,5210,0.959693,14.10
florence,Hurricane Florence,Hurricane,2018,37135011203,1,31837.94,0.00,0.00,31837.94,31837.94,6000,0.166667,5.31
florence,Hurricane Florence,Hurricane,2018,37135011400,36,334558.69,0.00,0.00,334558.69,9293.30,3996,9.009009,83.72
florence,Hurricane Florence,Hurricane,2018,37135011500,113,1875811.36,80791.59,0.00,1956602.95,17315.07,1882,60.042508,1039.64
florence,Hurricane Florence,Hurricane,2018,37135011800,1,7805.27,0.00,0.00,7805.27,7805.27,2975,0.336134,2.62
florence,Hurricane Florence,Hurricane,2018,37135011901,4,26629.67,0.00,0.00,26629.67,6657.42,5010,0.798403,5.32
florence,Hurricane Florence,Hurricane,2018,37135011902,9,597674.22,0.00,0.00,597674.22,66408.25,3771,2.386635,158.49
florence,Hurricane Florence,Hurricane,2018,37135012100,29,746245.78,1013383.23,0.00,1759629.01,60676.86,7997,3.626360,220.04
florence,Hurricane Florence,Hurricane,2018,37137950101,44,1759533.61,168929.75,90000.00,2018463.36,45874.17,3019,14.574362,668.59
florence,Hurricane Florence,Hurricane,2018,37137950102,97,2522458.59,232420.76,62247.99,2817127.34,29042.55,3613,26.847495,779.72
florence,Hurricane Florence,Hurricane,2018,37137950201,213,6039670.96,646045.98,361167.68,7046884.62,33083.97,3745,56.875834,1881.68
florence,Hurricane Florence,Hurricane,2018,37137950202,600,13100479.02,2015196.77,311571.73,15427247.52,25712.08,2365,253.699789,6523.15
florence,Hurricane Florence,Hurricane,2018,37139960200,1,8009.85,0.00,0.00,8009.85,8009.85,4488,0.222816,1.78
florence,Hurricane Florence,Hurricane,2018,37139960400,1,3907.00,0.00,0.00,3907.00,3907.00,4210,0.237530,0.93
florence,Hurricane Florence,Hurricane,2018,37139960502,1,14758.28,0.00,0.00,14758.28,14758.28,4844,0.206441,3.05
florence,Hurricane Florence,Hurricane,2018,37139960702,2,14782.14,0.00,0.00,14782.14,7391.07,3024,0.661376,4.89
florence,Hurricane Florence,Hurricane,2018,37141920101,113,1715114.54,277983.94,70980.00,2064078.48,18266.18,376,300.531915,5489.57
florence,Hurricane Florence,Hurricane,2018,37141920102,150,1292522.55,235978.45,0.00,1528501.00,10190.01,1285,116.731518,1189.49
florence,Hurricane Florence,Hurricane,2018,37141920103,23,105914.98,8610.12,0.00,114525.10,4979.35,5615,4.096171,20.40
florence,Hurricane Florence,Hurricane,2018,37141920201,71,1147452.25,138220.02,0.00,1285672.27,18108.06,6430,11.041991,199.95
florence,Hurricane Florence,Hurricane,2018,37141920202,74,1138908.13,139357.90,0.00,1278266.03,17273.87,8588,8.616674,148.84
florence,Hurricane Florence,Hurricane,2018,37141920203,77,6956599.70,2245312.45,40950.00,9242862.15,120037.17,5104,15.086207,1810.91
florence,Hurricane Florence,Hurricane,2018,37141920204,142,14126201.82,2783834.31,98795.00,17008831.13,119780.50,2285,62.144420,7443.69
florence,Hurricane Florence,Hurricane,2018,37141920300,29,2862078.23,542461.32,60000.00,3464539.55,119466.88,4566,6.351292,758.77
florence,Hurricane Florence,Hurricane,2018,37141920401,8,314925.43,60668.98,0.00,375594.41,46949.30,2504,3.194888,150.00
florence,Hurricane Florence,Hurricane,2018,37141920402,6,119827.71,18578.33,0.00,138406.04,23067.67,3194,1.878522,43.33
florence,Hurricane Florence,Hurricane,2018,37141920403,98,11466496.71,3092468.32,43259.67,14602224.70,149002.29,3775,25.960265,3868.14
florence,Hurricane Florence,Hurricane,2018,37141920501,39,2833457.33,676846.71,30000.00,3540304.04,90777.03,4827,8.079553,733.44
florence,Hurricane Florence,Hurricane,2018,37141920502,51,4068462.93,546101.29,60000.00,4674564.22,91658.12,1696,30.070755,2756.23
florence,Hurricane Florence,Hurricane,2018,37141920601,6,447728.30,74567.20,0.00,522295.50,87049.25,3515,1.706970,148.59
florence,Hurricane Florence,Hurricane,2018,37141920602,24,1040061.30,148896.06,0.00,1188957.36,49539.89,5260,4.562738,226.04
florence,Hurricane Florence,Hurricane,2018,37143920100,1,0.00,0.00,0.00,0.00,0.00,6391,0.156470,0.00
florence,Hurricane Florence,Hurricane,2018,37143920202,1,6815.26,0.00,0.00,6815.26,6815.26,4095,0.244200,1.66
florence,Hurricane Florence,Hurricane,2018,37147000603,1,0.00,0.00,0.00,0.00,0.00,10435,0.095831,0.00
florence,Hurricane Florence,Hurricane,2018,37147000800,1,5795.35,0.00,0.00,5795.35,5795.35,3385,0.295421,1.71
florence,Hurricane Florence,Hurricane,2018,37147000900,9,142129.20,10830.67,0.00,152959.87,16995.54,7980,1.127820,19.17
florence,Hurricane Florence,Hurricane,2018,37147001002,1,7980.50,0.00,0.00,7980.50,7980.50,6425,0.155642,1.24
florence,Hurricane Florence,Hurricane,2018,37147001100,1,17622.09,1278.79,0.00,18900.88,18900.88,5315,0.188147,3.56
florence,Hurricane Florence,Hurricane,2018,37147001200,1,43169.76,0.00,0.00,43169.76,43169.76,6277,0.159312,6.88
florence,Hurricane Florence,Hurricane,2018,37147001301,1,0.00,0.00,0.00,0.00,0.00,4359,0.229410,0.00
florence,Hurricane Florence,Hurricane,2018,37147001303,2,5284.92,0.00,0.00,5284.92,2642.46,7996,0.250125,0.66
florence,Hurricane Florence,Hurricane,2018,37147001402,2,14542.99,0.00,0.00,14542.99,7271.49,2556,0.782473,5.69
florence,Hurricane Florence,Hurricane,2018,37147001500,8,56851.36,13420.35,0.00,70271.71,8783.96,3614,2.213614,19.44
florence,Hurricane Florence,Hurricane,2018,37147001600,1,12490.44,799.85,0.00,13290.29,13290.29,8371,0.119460,1.59
florence,Hurricane Florence,Hurricane,2018,37147001800,1,52075.20,0.00,0.00,52075.20,52075.20,6596,0.151607,7.89
florence,Hurricane Florence,Hurricane,2018,37151030202,1,6117.82,0.00,0.00,6117.82,6117.82,4598,0.217486,1.33
florence,Hurricane Florence,Hurricane,2018,37151031303,1,8745.41,929.96,0.00,9675.37,9675.37,4462,0.224115,2.17
florence,Hurricane Florence,Hurricane,2018,37151031306,1,0.00,0.00,0.00,0.00,0.00,6816,0.146714,0.00
florence,Hurricane Florence,Hurricane,2018,37151031501,2,14092.18,0.00,0.00,14092.18,7046.09,5846,0.342114,2.41
florence,Hurricane Florence,Hurricane,2018,37151031504,2,1274.97,0.00,0.00,1274.97,637.49,5043,0.396589,0.25
florence,Hurricane Florence,Hurricane,2018,37153970400,1,7441.35,0.00,0.00,7441.35,7441.35,3991,0.250564,1.86
florence,Hurricane Florence,Hurricane,2018,37153970600,1,24796.74,0.00,0.00,24796.74,24796.74,3878,0.257865,6.39
florence,Hurricane Florence,Hurricane,2018,37153970800,1,48115.08,21500.21,0.00,69615.29,69615.29,4912,0.203583,14.17
florence,Hurricane Florence,Hurricane,2018,37155960101,2,71580.67,14101.22,0.00,85681.89,42840.94,4143,0.482742,20.68
florence,Hurricane Florence,Hurricane,2018,37155960102,5,128947.27,1345.70,0.00,130292.97,26058.59,5084,0.983478,25.63
florence,Hurricane Florence,Hurricane,2018,37155960201,3,6813.57,0.00,0.00,6813.57,2271.19,5192,0.577812,1.31
florence,Hurricane Florence,Hurricane,2018,37155960300,4,29280.36,0.00,0.00,29280.36,7320.09,6693,0.597639,4.37
florence,Hurricane Florence,Hurricane,2018,37155960401,2,68000.00,0.00,0.00,68000.00,34000.00,7387,0.270746,9.21
florence,Hurricane Florence,Hurricane,2018,37155960501,4,433050.83,64100.00,0.00,497150.83,124287.71,3719,1.075558,133.68
florence,Hurricane Florence,Hurricane,2018,37155960502,5,232903.79,11240.38,0.00,244144.17,48828.83,4898,1.020825,49.85
florence,Hurricane Florence,Hurricane,2018,37155960503,22,505450.85,17969.74,0.00,523420.59,23791.84,1808,12.168142,289.50
florence,Hurricane Florence,Hurricane,2018,37155960600,11,257414.18,7404.05,0.00,264818.23,24074.38,6803,1.616934,38.93
florence,Hurricane Florence,Hurricane,2018,37155960701,101,5703530.71,635518.87,30000.00,6369049.58,63059.90,5867,17.214931,1085.57
florence,Hurricane Florence,Hurricane,2018,37155960702,7,196226.70,195934.38,0.00,392161.08,56023.01,3236,2.163164,121.19
florence,Hurricane Florence,Hurricane,2018,37155960801,140,5193585.74,1530113.61,0.00,6723699.35,48026.42,3579,39.117072,1878.65
florence,Hurricane Florence,Hurricane,2018,37155960802,72,1956578.41,75847.24,0.00,2032425.65,28228.13,1633,44.090631,1244.60
florence,Hurricane Florence,Hurricane,2018,37155960900,4,93377.35,14546.95,0.00,107924.30,26981.08,2125,1.882353,50.79
florence,Hurricane Florence,Hurricane,2018,37155961000,17,814674.08,133669.57,0.00,948343.65,55784.92,2047,8.304836,463.28
florence,Hurricane Florence,Hurricane,2018,37155961100,7,213938.73,19329.92,0.00,233268.65,33324.09,2093,3.344482,111.45
florence,Hurricane Florence,Hurricane,2018,37155961301,53,1663658.83,697929.39,0.00,2361588.22,44558.27,4752,11.153199,496.97
florence,Hurricane Florence,Hurricane,2018,37155961302,70,4028100.26,392179.53,0.00,4420279.79,63146.85,5598,12.504466,789.62
florence,Hurricane Florence,Hurricane,2018,37155961400,2,61204.39,11035.07,0.00,72239.46,36119.73,4348,0.459982,16.61
florence,Hurricane Florence,Hurricane,2018,37155961500,62,1867153.04,188652.29,0.00,2055805.33,33158.15,5169,11.994583,397.72
florence,Hurricane Florence,Hurricane,2018,37155961601,44,1217343.71,86866.41,0.00,1304210.12,29641.14,3844,11.446410,339.28
florence,Hurricane Florence,Hurricane,2018,37155961602,2,37938.45,5000.00,0.00,42938.45,21469.22,4038,0.495295,10.63
florence,Hurricane Florence,Hurricane,2018,37155961700,4,97282.08,21312.68,0.00,118594.76,29648.69,4830,0.828157,24.55
florence,Hurricane Florence,Hurricane,2018,37155961801,53,964083.17,53392.21,0.00,1017475.38,19197.65,5757,9.206184,176.74
florence,Hurricane Florence,Hurricane,2018,37155961802,22,409503.03,4700.00,0.00,414203.03,18827.41,5371,4.096071,77.12
florence,Hurricane Florence,Hurricane,2018,37155961900,2,24763.36,4806.55,0.00,29569.91,14784.95,4905,0.407747,6.03
florence,Hurricane Florence,Hurricane,2018,37155962001,7,285435.30,1000.00,0.00,286435.30,40919.33,3849,1.818654,74.42
florence,Hurricane Florence,Hurricane,2018,37155962002,6,43919.38,3417.92,0.00,47337.30,7889.55,3249,1.846722,14.57
florence,Hurricane Florence,Hurricane,2018,37157040800,1,3958.39,0.00,0.00,3958.39,3958.39,1723,0.580383,2.30
florence,Hurricane Florence,Hurricane,2018,37159050300,1,0.00,0.00,0.00,0.00,0.00,3397,0.294377,0.00
florence,Hurricane Florence,Hurricane,2018,37159050800,1,731.45,0.00,0.00,731.45,731.45,2987,0.334784,0.24
florence,Hurricane Florence,Hurricane,2018,37159051303,1,36493.88,15518.73,0.00,52012.61,52012.61,6213,0.160953,8.37
florence,Hurricane Florence,Hurricane,2018,37159051400,1,9520.30,1390.47,0.00,10910.77,10910.77,7752,0.128999,1.41
florence,Hurricane Florence,Hurricane,2018,37159052000,1,0.00,0.00,0.00,0.00,0.00,2234,0.447628,0.00
florence,Hurricane Florence,Hurricane,2018,37161960300,1,23145.98,0.00,0.00,23145.98,23145.98,2610,0.383142,8.87
florence,Hurricane Florence,Hurricane,2018,37163970100,1,5720.09,4415.93,0.00,10136.02,10136.02,7126,0.140331,1.42
florence,Hurricane Florence,Hurricane,2018,37163970301,1,56892.13,0.00,0.00,56892.13,56892.13,6410,0.156006,8.88
florence,Hurricane Florence,Hurricane,2018,37163970302,2,15305.41,3483.04,0.00,18788.45,9394.23,5529,0.361729,3.40
florence,Hurricane Florence,Hurricane,2018,37163970400,1,14503.90,3217.76,0.00,17721.66,17721.66,4553,0.219635,3.89
florence,Hurricane Florence,Hurricane,2018,37163970600,4,533983.54,18980.63,0.00,552964.17,138241.04,4293,0.931749,128.81
florence,Hurricane Florence,Hurricane,2018,37163970700,1,482.73,0.00,0.00,482.73,482.73,7477,0.133743,0.06
florence,Hurricane Florence,Hurricane,2018,37163970800,1,6994.56,1657.14,0.00,8651.70,8651.70,6782,0.147449,1.28
florence,Hurricane Florence,Hurricane,2018,37163970900,2,54051.03,0.00,0.00,54051.03,27025.51,3786,0.528262,14.28
florence,Hurricane Florence,Hurricane,2018,37163971000,19,1443500.46,271763.61,0.00,1715264.07,90277.06,4963,3.828330,345.61
florence,Hurricane Florence,Hurricane,2018,37165010101,2,6198.20,264.75,0.00,6462.95,3231.47,3394,0.589275,1.90
florence,Hurricane Florence,Hurricane,2018,37165010200,2,57189.95,26746.14,0.00,83936.09,41968.04,4154,0.481464,20.21
florence,Hurricane Florence,Hurricane,2018,37165010300,7,175213.65,32882.82,0.00,208096.47,29728.07,4494,1.557632,46.31
florence,Hurricane Florence,Hurricane,2018,37167930102,1,7243.29,26.18,0.00,7269.47,7269.47,3871,0.258331,1.88
florence,Hurricane Florence,Hurricane,2018,37167930300,4,1184986.59,274569.87,0.00,1459556.46,364889.11,3862,1.035733,377.93
florence,Hurricane Florence,Hurricane,2018,37167931100,3,43998.90,0.00,0.00,43998.90,14666.30,5428,0.552690,8.11
florence,Hurricane Florence,Hurricane,2018,37177960100,9,132605.32,0.00,0.00,132605.32,14733.92,4119,2.184996,32.19
florence,Hurricane Florence,Hurricane,2018,37179020202,4,114372.64,62161.33,0.00,176533.97,44133.49,7259,0.551040,24.32
florence,Hurricane Florence,Hurricane,2018,37179020204,2,18067.30,10963.53,0.00,29030.83,14515.42,4383,0.456308,6.62
florence,Hurricane Florence,Hurricane,2018,37179020308,1,58828.69,669.24,0.00,59497.93,59497.93,5832,0.171468,10.20
florence,Hurricane Florence,Hurricane,2018,37179020312,1,25839.71,0.00,0.00,25839.71,25839.71,4462,0.224115,5.79
florence,Hurricane Florence,Hurricane,2018,37179020314,1,0.00,0.00,0.00,0.00,0.00,4859,0.205804,0.00
florence,Hurricane Florence,Hurricane,2018,37179020315,1,2124.51,0.00,0.00,2124.51,2124.51,5028,0.198886,0.42
florence,Hurricane Florence,Hurricane,2018,37179020401,1,0.00,0.00,0.00,0.00,0.00,5701,0.175408,0.00
florence,Hurricane Florence,Hurricane,2018,37179020404,1,2085.38,0.00,0.00,2085.38,2085.38,7549,0.132468,0.28
florence,Hurricane Florence,Hurricane,2018,37179021010,1,3553.90,0.00,0.00,3553.90,3553.90,7897,0.126630,0.45
florence,Hurricane Florence,Hurricane,2018,37179021012,1,4460.70,0.00,0.00,4460.70,4460.70,5389,0.185563,0.83
florence,Hurricane Florence,Hurricane,2018,37183051501,1,0.00,0.00,0.00,0.00,0.00,3392,0.294811,0.00
florence,Hurricane Florence,Hurricane,2018,37183051900,1,12045.32,0.00,0.00,12045.32,12045.32,5212,0.191865,2.31
florence,Hurricane Florence,Hurricane,2018,37183052704,1,10198.88,0.00,0.00,10198.88,10198.88,6399,0.156274,1.59
florence,Hurricane Florence,Hurricane,2018,37183052802,1,0.00,0.00,0.00,0.00,0.00,6896,0.145012,0.00
florence,Hurricane Florence,Hurricane,2018,37183053107,1,7504.37,0.00,0.00,7504.37,7504.37,10609,0.094260,0.71
florence,Hurricane Florence,Hurricane,2018,37183053109,1,30000.00,4290.95,0.00,34290.95,34290.95,8526,0.117288,4.02
florence,Hurricane Florence,Hurricane,2018,37183053205,1,5825.09,0.00,0.00,5825.09,5825.09,3673,0.272257,1.59
florence,Hurricane Florence,Hurricane,2018,37183053506,1,0.00,0.00,0.00,0.00,0.00,5597,0.178667,0.00
florence,Hurricane Florence,Hurricane,2018,37183053806,1,0.00,0.00,0.00,0.00,0.00,2875,0.347826,0.00
florence,Hurricane Florence,Hurricane,2018,37183054012,1,0.00,0.00,0.00,0.00,0.00,3917,0.255297,0.00
florence,Hurricane Florence,Hurricane,2018,37189920701,1,0.00,0.00,0.00,0.00,0.00,2166,0.461681,0.00
florence,Hurricane Florence,Hurricane,2018,37189920900,1,0.00,0.00,0.00,0.00,0.00,4672,0.214041,0.00
florence,Hurricane Florence,Hurricane,2018,37191000101,1,13715.40,4309.75,0.00,18025.15,18025.15,6846,0.146071,2.63
florence,Hurricane Florence,Hurricane,2018,37191000102,2,18340.02,550.56,0.00,18890.58,9445.29,6543,0.305670,2.89
florence,Hurricane Florence,Hurricane,2018,37191000302,5,92477.85,20091.76,0.00,112569.61,22513.92,6023,0.830151,18.69
florence,Hurricane Florence,Hurricane,2018,37191000304,4,28150.56,0.00,0.00,28150.56,7037.64,5811,0.688350,4.84
florence,Hurricane Florence,Hurricane,2018,37191000401,12,163725.78,27694.49,0.00,191420.27,15951.69,6292,1.907184,30.42
florence,Hurricane Florence,Hurricane,2018,37191000402,4,42215.02,4620.66,0.00,46835.68,11708.92,4630,0.863931,10.12
florence,Hurricane Florence,Hurricane,2018,37191000601,2,61627.00,16133.03,0.00,77760.03,38880.01,4586,0.436110,16.96
florence,Hurricane Florence,Hurricane,2018,37191000602,5,182774.45,1000.00,0.00,183774.45,36754.89,8894,0.562177,20.66
florence,Hurricane Florence,Hurricane,2018,37191000700,2,73129.54,2461.70,0.00,75591.24,37795.62,2803,0.713521,26.97
florence,Hurricane Florence,Hurricane,2018,37191000800,2,114166.85,48316.31,0.00,162483.16,81241.58,2891,0.691802,56.20
florence,Hurricane Florence,Hurricane,2018,37191000901,12,390909.59,21809.62,0.00,412719.21,34393.27,5043,2.379536,81.84
florence,Hurricane Florence,Hurricane,2018,37191001000,6,768803.24,122018.61,0.00,890821.85,148470.31,4574,1.311762,194.76
florence,Hurricane Florence,Hurricane,2018,37191001101,4,113284.24,0.00,0.00,113284.24,28321.06,7336,0.545256,15.44
florence,Hurricane Florence,Hurricane,2018,37191001102,3,78503.75,878.04,0.00,79381.79,26460.60,3312,0.905797,23.97
florence,Hurricane Florence,Hurricane,2018,37191001200,7,104679.46,36833.43,0.00,141512.89,20216.13,3791,1.846479,37.33
florence,Hurricane Florence,Hurricane,2018,37191001301,4,39115.85,2339.06,0.00,41454.91,10363.73,6199,0.645265,6.69
florence,Hurricane Florence,Hurricane,2018,37191001302,6,571604.41,0.00,0.00,571604.41,95267.40,3589,1.671775,159.27
florence,Hurricane Florence,Hurricane,2018,37191001400,6,38303.21,0.00,0.00,38303.21,6383.87,6605,0.908403,5.80
florence,Hurricane Florence,Hurricane,2018,37191001500,29,424128.89,2215.82,0.00,426344.71,14701.54,2208,13.134058,193.09
florence,Hurricane Florence,Hurricane,2018,37191001800,2,18013.12,50.21,0.00,18063.33,9031.67,2220,0.900901,8.14
florence,Hurricane Florence,Hurricane,2018,37191001900,14,216325.47,51873.50,0.00,268198.97,19157.07,4609,3.037535,58.19
florence,Hurricane Florence,Hurricane,2018,37191002000,11,434370.18,87077.38,0.00,521447.56,47404.32,969,11.351909,538.13
florence,Hurricane Florence,Hurricane,2018,37195000400,1,22549.38,227.82,0.00,22777.20,22777.20,8118,0.123183,2.81
florence,Hurricane Florence,Hurricane,2018,37195000501,1,6909.47,0.00,0.00,6909.47,6909.47,3784,0.264271,1.83
florence,Hurricane Florence,Hurricane,2018,37195000502,1,7304.03,0.00,0.00,7304.03,7304.03,5046,0.198177,1.45
florence,Hurricane Florence,Hurricane,2018,37195000700,1,827.19,0.00,0.00,827.19,827.19,4747,0.210659,0.17
florence,Hurricane Florence,Hurricane,2018,37195000900,2,226914.95,7286.96,0.00,234201.91,117100.96,4304,0.464684,54.41
florence,Hurricane Florence,Hurricane,2018,37195001000,1,8560.20,0.00,0.00,8560.20,8560.20,1605,0.623053,5.33
florence,Hurricane Florence,Hurricane,2018,37195001700,1,5865.38,0.00,0.00,5865.38,5865.38,3857,0.259269,1.52
florence,Hurricane Florence,Hurricane,2018,37199960300,1,5356.37,0.00,0.00,5356.37,5356.37,3180,0.314465,1.68
florence,Hurricane Florence,Hurricane,2018,45013001102,1,2066.84,0.00,0.00,2066.84,2066.84,6607,0.151355,0.31
florence,Hurricane Florence,Hurricane,2018,45015020903,2,28696.76,0.00,0.00,28696.76,14348.38,3500,0.571429,8.20
florence,Hurricane Florence,Hurricane,2018,45019001500,1,3310.29,0.00,0.00,3310.29,3310.29,1552,0.644330,2.13
florence,Hurricane Florence,Hurricane,2018,45019001901,6,0.00,0.00,0.00,0.00,0.00,4371,1.372684,0.00
florence,Hurricane Florence,Hurricane,2018,45019002002,1,0.00,0.00,0.00,0.00,0.00,6154,0.162496,0.00
florence,Hurricane Florence,Hurricane,2018,45019002003,1,18542.97,0.00,0.00,18542.97,18542.97,9398,0.106406,1.97
florence,Hurricane Florence,Hurricane,2018,45019002005,1,543.59,0.00,0.00,543.59,543.59,7104,0.140766,0.08
florence,Hurricane Florence,Hurricane,2018,45019002006,1,0.00,0.00,0.00,0.00,0.00,5332,0.187547,0.00
florence,Hurricane Florence,Hurricane,2018,45019002400,1,0.00,0.00,0.00,0.00,0.00,5012,0.199521,0.00
florence,Hurricane Florence,Hurricane,2018,45019002612,1,0.00,0.00,0.00,0.00,0.00,6539,0.152929,0.00
florence,Hurricane Florence,Hurricane,2018,45019002614,1,0.00,0.00,0.00,0.00,0.00,3738,0.267523,0.00
florence,Hurricane Florence,Hurricane,2018,45019005000,1,0.00,0.00,0.00,0.00,0.00,5247,0.190585,0.00
florence,Hurricane Florence,Hurricane,2018,45019005300,1,0.00,0.00,0.00,0.00,0.00,3087,0.323939,0.00
florence,Hurricane Florence,Hurricane,2018,45025950502,4,104775.84,10000.00,0.00,114775.84,28693.96,5608,0.713267,20.47
florence,Hurricane Florence,Hurricane,2018,45025950700,1,17991.98,8274.84,0.00,26266.82,26266.82,4884,0.204750,5.38
florence,Hurricane Florence,Hurricane,2018,45027960100,1,39269.45,1238.67,0.00,40508.12,40508.12,3797,0.263366,10.67
florence,Hurricane Florence,Hurricane,2018,45029970300,1,34000.00,0.00,0.00,34000.00,34000.00,5712,0.175070,5.95
florence,Hurricane Florence,Hurricane,2018,45031010300,3,70958.35,0.00,0.00,70958.35,23652.78,5187,0.578369,13.68
florence,Hurricane Florence,Hurricane,2018,45031010500,4,57302.04,0.00,0.00,57302.04,14325.51,2487,1.608363,23.04
florence,Hurricane Florence,Hurricane,2018,45031010600,1,5917.26,0.00,0.00,5917.26,5917.26,5073,0.197122,1.17
florence,Hurricane Florence,Hurricane,2018,45031011000,2,27000.00,14200.00,0.00,41200.00,20600.00,3196,0.625782,12.89
florence,Hurricane Florence,Hurricane,2018,45031011100,1,1675.93,0.00,0.00,1675.93,1675.93,2034,0.491642,0.82
florence,Hurricane Florence,Hurricane,2018,45031011300,6,53793.45,20211.23,0.00,74004.68,12334.11,5461,1.098700,13.55
florence,Hurricane Florence,Hurricane,2018,45031011400,4,149315.18,39046.63,0.00,188361.81,47090.45,4477,0.893455,42.07
florence,Hurricane Florence,Hurricane,2018,45031011600,1,13340.70,2293.46,0.00,15634.16,15634.16,3240,0.308642,4.83
florence,Hurricane Florence,Hurricane,2018,45033970100,10,754492.79,206907.05,0.00,961399.84,96139.98,3668,2.726281,262.10
florence,Hurricane Florence,Hurricane,2018,45033970200,4,327318.23,111148.81,0.00,438467.04,109616.76,5785,0.691443,75.79
florence,Hurricane Florence,Hurricane,2018,45033970300,8,250295.95,21227.71,0.00,271523.66,33940.46,5097,1.569551,53.27
florence,Hurricane Florence,Hurricane,2018,45033970400,1,82783.20,14328.85,0.00,97112.05,97112.05,4938,0.202511,19.67
florence,Hurricane Florence,Hurricane,2018,45033970500,2,385684.13,124929.84,0.00,510613.97,255306.98,3645,0.548697,140.09
florence,Hurricane Florence,Hurricane,2018,45033970600,13,224478.43,14054.00,0.00,238532.43,18348.65,7738,1.680021,30.83
florence,Hurricane Florence,Hurricane,2018,45041000300,4,112319.86,39900.00,0.00,152219.86,38054.96,4217,0.948542,36.10
florence,Hurricane Florence,Hurricane,2018,45041000400,8,101793.14,4545.81,0.00,106338.95,13292.37,5320,1.503759,19.99
florence,Hurricane Florence,Hurricane,2018,45041001400,1,8297.50,0.00,0.00,8297.50,8297.50,7779,0.128551,1.07
florence,Hurricane Florence,Hurricane,2018,45041001601,1,443.79,497.38,0.00,941.17,941.17,6040,0.165563,0.16
florence,Hurricane Florence,Hurricane,2018,45041001900,1,9487.81,0.00,0.00,9487.81,9487.81,6109,0.163693,1.55
florence,Hurricane Florence,Hurricane,2018,45041002202,1,0.00,0.00,0.00,0.00,0.00,3617,0.276472,0.00
florence,Hurricane Florence,Hurricane,2018,45043920100,3,99900.46,4022.18,0.00,103922.64,34640.88,3716,0.807320,27.97
florence,Hurricane Florence,Hurricane,2018,45043920202,1,0.00,0.00,0.00,0.00,0.00,2149,0.465333,0.00
florence,Hurricane Florence,Hurricane,2018,45043920301,2,6949.65,0.00,0.00,6949.65,3474.82,4760,0.420168,1.46
florence,Hurricane Florence,Hurricane,2018,45043920302,4,22458.18,0.00,0.00,22458.18,5614.55,2772,1.443001,8.10
florence,Hurricane Florence,Hurricane,2018,45043920400,2,77395.58,3448.10,0.00,80843.68,40421.84,2321,0.861698,34.83
florence,Hurricane Florence,Hurricane,2018,45043920501,3,16691.39,0.00,0.00,16691.39,5563.80,5656,0.530410,2.95
florence,Hurricane Florence,Hurricane,2018,45043920502,3,28673.99,0.00,0.00,28673.99,9558.00,3878,0.773595,7.39
florence,Hurricane Florence,Hurricane,2018,45043920503,11,136407.91,378.76,0.00,136786.67,12435.15,5825,1.888412,23.48
florence,Hurricane Florence,Hurricane,2018,45043920504,1,154.67,0.00,0.00,154.67,154.67,5798,0.172473,0.03
florence,Hurricane Florence,Hurricane,2018,45043920505,5,42064.00,4382.09,0.00,46446.09,9289.22,4874,1.025851,9.53
florence,Hurricane Florence,Hurricane,2018,45043920600,6,223434.92,7496.85,0.00,230931.77,38488.63,6362,0.943100,36.30
florence,Hurricane Florence,Hurricane,2018,45043920700,6,39843.16,13131.05,0.00,52974.21,8829.04,4840,1.239669,10.95
florence,Hurricane Florence,Hurricane,2018,45051010100,8,299952.29,50007.65,0.00,349959.94,43744.99,3245,2.465331,107.85
florence,Hurricane Florence,Hurricane,2018,45051020100,6,160729.64,14777.98,0.00,175507.62,29251.27,3374,1.778305,52.02
florence,Hurricane Florence,Hurricane,2018,45051020200,21,706605.41,110668.22,0.00,817273.63,38917.79,5925,3.544304,137.94
florence,Hurricane Florence,Hurricane,2018,45051020300,2,114220.45,13158.16,0.00,127378.61,63689.31,7827,0.255526,16.27
florence,Hurricane Florence,Hurricane,2018,45051030102,83,6234203.80,2435892.17,0.00,8670095.97,104458.99,3145,26.391097,2756.79
florence,Hurricane Florence,Hurricane,2018,45051030103,259,9356579.54,1109513.94,0.00,10466093.48,40409.63,3561,72.732379,2939.09
florence,Hurricane Florence,Hurricane,2018,45051040101,16,1451082.30,262248.87,0.00,1713331.17,107083.20,5506,2.905921,311.18
florence,Hurricane Florence,Hurricane,2018,45051040102,1,0.00,0.00,0.00,0.00,0.00,5621,0.177904,0.00
florence,Hurricane Florence,Hurricane,2018,45051040103,1,0.00,0.00,0.00,0.00,0.00,5750,0.173913,0.00
florence,Hurricane Florence,Hurricane,2018,45051040105,25,21556.95,0.00,0.00,21556.95,862.28,2426,10.305029,8.89
florence,Hurricane Florence,Hurricane,2018,45051040200,6,0.00,0.00,0.00,0.00,0.00,4083,1.469508,0.00
florence,Hurricane Florence,Hurricane,2018,45051040300,3,27209.34,1038.67,0.00,28248.01,9416.00,3920,0.765306,7.21
florence,Hurricane Florence,Hurricane,2018,45051040400,49,176617.64,0.00,0.00,176617.64,3604.44,4154,11.795859,42.52
florence,Hurricane Florence,Hurricane,2018,45051040500,12,6697.69,0.00,0.00,6697.69,558.14,3831,3.132341,1.75
florence,Hurricane Florence,Hurricane,2018,45051050102,2,3494.61,0.00,0.00,3494.61,1747.31,4008,0.499002,0.87
florence,Hurricane Florence,Hurricane,2018,45051050303,148,42852.72,0.00,0.00,42852.72,289.55,2661,55.618189,16.10
florence,Hurricane Florence,Hurricane,2018,45051050402,5,56034.54,0.00,0.00,56034.54,11206.91,2431,2.056767,23.05
florence,Hurricane Florence,Hurricane,2018,45051050500,4,10258.17,0.00,0.00,10258.17,2564.54,4895,0.817160,2.10
florence,Hurricane Florence,Hurricane,2018,45051050900,3,90179.46,0.00,0.00,90179.46,30059.82,6960,0.431034,12.96
florence,Hurricane Florence,Hurricane,2018,45051051201,2,0.00,0.00,0.00,0.00,0.00,1797,1.112966,0.00
florence,Hurricane Florence,Hurricane,2018,45051051202,43,68574.50,0.00,0.00,68574.50,1594.76,2445,17.586912,28.05
florence,Hurricane Florence,Hurricane,2018,45051051301,1,1678.00,0.00,0.00,1678.00,1678.00,1334,0.749625,1.26
florence,Hurricane Florence,Hurricane,2018,45051051302,44,0.00,33069.51,0.00,33069.51,751.58,2640,16.666667,12.53
florence,Hurricane Florence,Hurricane,2018,45051051404,1,0.00,0.00,0.00,0.00,0.00,4918,0.203335,0.00
florence,Hurricane Florence,Hurricane,2018,45051051405,2,6914.28,0.00,0.00,6914.28,3457.14,3778,0.529381,1.83
florence,Hurricane Florence,Hurricane,2018,45051051501,159,15043246.09,2375252.89,104200.00,17522698.98,110205.65,4107,38.714390,4266.54
florence,Hurricane Florence,Hurricane,2018,45051051502,2,4672.37,0.00,0.00,4672.37,2336.18,9716,0.205846,0.48
florence,Hurricane Florence,Hurricane,2018,45051051503,84,2448198.85,407333.67,0.00,2855532.52,33994.43,4635,18.122977,616.08
florence,Hurricane Florence,Hurricane,2018,45051051601,14,1062256.88,209978.22,0.00,1272235.10,90873.94,10434,1.341767,121.93
florence,Hurricane Florence,Hurricane,2018,45051051603,23,955981.51,198023.38,0.00,1154004.89,50174.13,5192,4.429892,222.27
florence,Hurricane Florence,Hurricane,2018,45051051604,3,183042.47,71027.16,0.00,254069.63,84689.88,10880,0.275735,23.35
florence,Hurricane Florence,Hurricane,2018,45051051605,2,18660.85,0.00,0.00,18660.85,9330.42,7096,0.281849,2.63
florence,Hurricane Florence,Hurricane,2018,45051051700,242,6059.68,0.00,0.00,6059.68,25.04,1683,143.790850,3.60
florence,Hurricane Florence,Hurricane,2018,45051060101,32,2195668.05,399186.71,28081.35,2622936.11,81966.75,4291,7.457469,611.26
florence,Hurricane Florence,Hurricane,2018,45051060102,6,314422.43,18175.27,0.00,332597.70,55432.95,3041,1.973035,109.37
florence,Hurricane Florence,Hurricane,2018,45051060203,4,25838.20,0.00,0.00,25838.20,6459.55,7834,0.510595,3.30
florence,Hurricane Florence,Hurricane,2018,45051060204,32,2220955.31,252970.90,60000.00,2533926.21,79185.19,7976,4.012036,317.69
florence,Hurricane Florence,Hurricane,2018,45051060209,2,44200.60,2474.42,0.00,46675.02,23337.51,6936,0.288351,6.73
florence,Hurricane Florence,Hurricane,2018,45051060301,88,5021762.74,564707.37,0.00,5586470.11,63482.61,4563,19.285558,1224.30
florence,Hurricane Florence,Hurricane,2018,45051060308,2,0.00,0.00,0.00,0.00,0.00,6175,0.323887,0.00
florence,Hurricane Florence,Hurricane,2018,45051060403,26,2677128.04,261210.86,15000.00,2953338.90,113589.96,2837,9.164611,1041.01
florence,Hurricane Florence,Hurricane,2018,45051060405,3,30379.26,0.00,0.00,30379.26,10126.42,7516,0.399148,4.04
florence,Hurricane Florence,Hurricane,2018,45051060406,5,85335.66,5802.52,0.00,91138.18,18227.64,6491,0.770297,14.04
florence,Hurricane Florence,Hurricane,2018,45051070101,10,612624.29,106226.44,0.00,718850.73,71885.07,5029,1.988467,142.94
florence,Hurricane Florence,Hurricane,2018,45051070102,21,1119513.36,305063.92,0.00,1424577.28,67837.01,3116,6.739409,457.18
florence,Hurricane Florence,Hurricane,2018,45051070200,109,11947087.28,1663265.67,91500.00,13701852.95,125705.07,3131,34.813159,4376.19
florence,Hurricane Florence,Hurricane,2018,45051070300,10,225710.84,485000.00,0.00,710710.84,71071.08,4461,2.241650,159.32
florence,Hurricane Florence,Hurricane,2018,45051070400,1,0.00,0.00,0.00,0.00,0.00,5742,0.174155,0.00
florence,Hurricane Florence,Hurricane,2018,45051070500,2,208012.13,47645.29,30000.00,285657.42,142828.71,3702,0.540249,77.16
florence,Hurricane Florence,Hurricane,2018,45051070601,3,94878.60,4631.12,0.00,99509.72,33169.91,4411,0.680118,22.56
florence,Hurricane Florence,Hurricane,2018,45051070602,86,7095801.31,1326443.22,60000.00,8482244.53,98630.75,4594,18.720070,1846.37
florence,Hurricane Florence,Hurricane,2018,45051070702,1,4653.07,0.00,0.00,4653.07,4653.07,5745,0.174064,0.81
florence,Hurricane Florence,Hurricane,2018,45051080102,1,66946.78,0.00,0.00,66946.78,66946.78,2671,0.374392,25.06
florence,Hurricane Florence,Hurricane,2018,45051080200,11,237750.48,26999.40,28037.93,292787.81,26617.07,4471,2.460300,65.49
florence,Hurricane Florence,Hurricane,2018,45055970800,1,0.00,0.00,0.00,0.00,0.00,5968,0.167560,0.00
florence,Hurricane Florence,Hurricane,2018,45057011201,1,0.00,0.00,0.00,0.00,0.00,15562,0.064259,0.00
florence,Hurricane Florence,Hurricane,2018,45061920100,1,15076.00,18924.00,0.00,34000.00,34000.00,1305,0.766284,26.05
florence,Hurricane Florence,Hurricane,2018,45061920600,2,58023.03,4755.93,0.00,62778.96,31389.48,1402,1.426534,44.78
florence,Hurricane Florence,Hurricane,2018,45063020604,1,5089.74,0.00,0.00,5089.74,5089.74,3473,0.287936,1.47
florence,Hurricane Florence,Hurricane,2018,45063021203,1,0.00,0.00,0.00,0.00,0.00,6045,0.165426,0.00
florence,Hurricane Florence,Hurricane,2018,45067950100,8,153356.73,2300.00,0.00,155656.73,19457.09,4403,1.816943,35.35
florence,Hurricane Florence,Hurricane,2018,45067950200,15,544526.80,116006.08,0.00,660532.88,44035.53,5374,2.791217,122.91
florence,Hurricane Florence,Hurricane,2018,45067950400,72,3901335.31,682465.54,60000.00,4643800.85,64497.23,3666,19.639935,1266.72
florence,Hurricane Florence,Hurricane,2018,45067950500,80,2950342.28,311802.99,320046.80,3582192.07,44777.40,5736,13.947001,624.51
florence,Hurricane Florence,Hurricane,2018,45067950600,6,165798.85,18112.60,0.00,183911.45,30651.91,5786,1.036986,31.79
florence,Hurricane Florence,Hurricane,2018,45067950700,14,370462.34,32474.95,60000.00,462937.29,33066.95,1467,9.543286,315.57
florence,Hurricane Florence,Hurricane,2018,45067950800,30,901527.60,106784.08,30000.00,1038311.68,34610.39,2615,11.472275,397.06
florence,Hurricane Florence,Hurricane,2018,45069960100,1,31525.72,0.00,0.00,31525.72,31525.72,3172,0.315259,9.94
florence,Hurricane Florence,Hurricane,2018,45069960301,5,105576.73,10500.00,0.00,116076.73,23215.35,4460,1.121076,26.03
florence,Hurricane Florence,Hurricane,2018,45069960400,1,10862.78,0.00,0.00,10862.78,10862.78,4510,0.221729,2.41
florence,Hurricane Florence,Hurricane,2018,45069960600,3,36741.09,2655.24,0.00,39396.33,13132.11,2175,1.379310,18.11
florence,Hurricane Florence,Hurricane,2018,45079002400,1,43941.25,0.00,0.00,43941.25,43941.25,3692,0.270856,11.90
florence,Hurricane Florence,Hurricane,2018,45079010306,1,0.00,0.00,0.00,0.00,0.00,11673,0.085668,0.00
florence,Hurricane Florence,Hurricane,2018,45079010702,1,77728.16,0.00,0.00,77728.16,77728.16,4015,0.249066,19.36
florence,Hurricane Florence,Hurricane,2018,45079011606,1,0.00,0.00,0.00,0.00,0.00,5253,0.190367,0.00
florence,Hurricane Florence,Hurricane,2018,45085000400,1,397.71,0.00,0.00,397.71,397.71,8245,0.121286,0.05
florence,Hurricane Florence,Hurricane,2018,45085000500,3,45758.67,3010.44,0.00,48769.11,16256.37,2102,1.427212,23.20
florence,Hurricane Florence,Hurricane,2018,45085000700,1,10025.42,0.00,0.00,10025.42,10025.42,4250,0.235294,2.36
florence,Hurricane Florence,Hurricane,2018,45085000902,1,5636.14,0.00,0.00,5636.14,5636.14,4013,0.249190,1.40
florence,Hurricane Florence,Hurricane,2018,45085001703,1,6155.79,0.00,0.00,6155.79,6155.79,5284,0.189251,1.16
florence,Hurricane Florence,Hurricane,2018,45089970100,1,0.00,0.00,0.00,0.00,0.00,2226,0.449236,0.00
florence,Hurricane Florence,Hurricane,2018,45089970502,1,0.00,0.00,0.00,0.00,0.00,4324,0.231267,0.00
