event_id,event_name,event_type,event_year,GEOID,claim_count,building_payments,contents_payments,icc_payments,total_claim_payments,average_payment_per_claim,population_2016,claims_per_1000_residents,claim_payments_per_capita
louisiana_floods_2016,2016 Louisiana Floods,Flood,2016,22001960100,29,803435.81,205174.39,30000.00,1038610.20,35814.14,6305,4.599524,164.73
louisiana_floods_2016,2016 Louisiana Floods,Flood,2016,22001960200,20,773475.13,296659.41,90000.00,1160134.54,58006.73,5950,3.361345,194.98
louisiana_floods_2016,2016 Louisiana Floods,Flood,2016,22001960300,3,32521.25,0.00,0.00,32521.25,10840.42,3661,0.819448,8.88
louisiana_floods_2016,2016 Louisiana Floods,Flood,2016,22001960400,35,1487231.26,188986.88,19550.00,1695768.14,48450.52,6819,5.132717,248.68
louisiana_floods_2016,2016 Louisiana Floods,Flood,2016,22001960500,30,1545700.02,383797.38,30000.00,1959497.40,65316.58,6580,4.559271,297.80
louisiana_floods_2016,2016 Louisiana Floods,Flood,2016,22001960600,23,825061.78,153291.34,0.00,978353.12,42537.09,5965,3.855826,164.02
louisiana_floods_2016,2016 Louisiana Floods,Flood,2016,22001960700,23,469203.09,86790.91,0.00,555994.00,24173.65,4372,5.260750,127.17
louisiana_floods_2016,2016 Louisiana Floods,Flood,2016,22001960800,74,2395673.32,716550.99,60000.00,3172224.31,42867.90,4881,15.160828,649.91
louisiana_floods_2016,2016 Louisiana Floods,Flood,2016,22001960900,31,423654.89,33116.48,0.00,456771.37,14734.56,5007,6.191332,91.23
louisiana_floods_2016,2016 Louisiana Floods,Flood,2016,22001961000,133,1175108.68,59934.71,30000.00,1265043.39,9511.60,5274,25.218051,239.86
louisiana_floods_2016,2016 Louisiana Floods,Flood,2016,22001961100,49,1284429.46,74119.99,119579.28,1478128.73,30165.89,3856,12.707469,383.33
louisiana_floods_2016,2016 Louisiana Floods,Flood,2016,22001961200,33,935223.65,152040.97,19102.30,1106366.92,33526.27,3702,8.914100,298.86
louisiana_floods_2016,2016 Louisiana Floods,Flood,2016,22003950500,2,55304.84,0.00,0.00,55304.84,27652.42,8068,0.247893,6.85
louisiana_floods_2016,2016 Louisiana Floods,Flood,2016,22005030101,330,20209344.33,2276291.80,426394.43,22912030.56,69430.40,8077,40.856754,2836.70
louisiana_floods_2016,2016 Louisiana Floods,Flood,2016,22005030102,194,13288891.51,1404127.03,11500.00,14704518.54,75796.49,5026,38.599284,2925.69
louisiana_floods_2016,2016 Louisiana Floods,Flood,2016,22005030103,357,24843131.38,3449462.57,992296.36,29284890.31,82030.51,6459,55.271714,4533.97
louisiana_floods_2016,2016 Louisiana Floods,Flood,2016,22005030203,238,19836477.03,3128050.29,132479.02,23097006.34,97046.25,11329,21.008032,2038.75
louisiana_floods_2016,2016 Louisiana Floods,Flood,2016,22005030204,64,3526403.60,629816.27,0.00,4156219.87,64940.94,12115,5.282707,343.06
louisiana_floods_2016,2016 Louisiana Floods,Flood,2016,22005030205,8,57253.20,5814.43,0.00,63067.63,7883.45,10697,0.747873,5.90
louisiana_floods_2016,2016 Louisiana Floods,Flood,2016,22005030206,10,340235.52,17629.03,0.00,357864.55,35786.46,10206,0.979816,35.06
louisiana_floods_2016,2016 Louisiana Floods,Flood,2016,22005030300,74,4280935.46,395138.46,150000.00,4826073.92,65217.22,14087,5.253070,342.59
louisiana_floods_2016,2016 Louisiana Floods,Flood,2016,22005030401,70,3318777.92,455774.93,45000.00,3819552.85,54565.04,4771,14.671977,800.58
louisiana_floods_2016,2016 Louisiana Floods,Flood,2016,22005030402,54,2130739.54,214575.26,55351.00,2400665.80,44456.77,7697,7.015720,311.90
louisiana_floods_2016,2016 Louisiana Floods,Flood,2016,22005030500,604,46849214.26,5379870.21,1216476.58,53445561.05,88486.03,9434,64.023744,5665.21
louisiana_floods_2016,2016 Louisiana Floods,Flood,2016,22005030600,224,11107495.31,1522580.35,60000.00,12690075.66,56652.12,5516,40.609137,2300.59
louisiana_floods_2016,2016 Louisiana Floods,Flood,2016,22005030900,10,279765.90,10123.95,0.00,289889.85,28988.98,4520,2.212389,64.13
louisiana_floods_2016,2016 Louisiana Floods,Flood,2016,22005031000,4,132955.78,28248.75,0.00,161204.53,40301.13,7075,0.565371,22.79
louisiana_floods_2016,2016 Louisiana Floods,Flood,2016,22007050200,1,22934.42,0.00,0.00,22934.42,22934.42,5146,0.194326,4.46
louisiana_floods_2016,2016 Louisiana Floods,Flood,2016,22009030100,4,18700.00,0.00,0.00,18700.00,4675.00,2522,1.586043,7.41
louisiana_floods_2016,2016 Louisiana Floods,Flood,2016,22009030300,2,3352.14,0.00,0.00,3352.14,1676.07,3401,0.588062,0.99
louisiana_floods_2016,2016 Louisiana Floods,Flood,2016,22009030400,5,109000.60,5500.00,0.00,114500.60,22900.12,6797,0.735619,16.85
louisiana_floods_2016,2016 Louisiana Floods,Flood,2016,22009030500,5,38535.37,41921.71,0.00,80457.08,16091.42,7100,0.704225,11.33
louisiana_floods_2016,2016 Louisiana Floods,Flood,2016,22009030600,3,28366.63,6140.27,0.00,34506.90,11502.30,5101,0.588120,6.76
louisiana_floods_2016,2016 Louisiana Floods,Flood,2016,22009030700,3,35402.66,4485.29,0.00,39887.95,13295.98,8039,0.373181,4.96
louisiana_floods_2016,2016 Louisiana Floods,Flood,2016,22009030800,2,2136.79,0.00,0.00,2136.79,1068.39,2601,0.768935,0.82
louisiana_floods_2016,2016 Louisiana Floods,Flood,2016,22009030900,3,74219.84,0.00,0.00,74219.84,24739.95,2845,1.054482,26.09
louisiana_floods_2016,2016 Louisiana Floods,Flood,2016,22017021300,1,8791.21,0.00,0.00,8791.21,8791.21,2688,0.372024,3.27
louisiana_floods_2016,2016 Louisiana Floods,Flood,2016,22017022600,1,39436.78,0.00,0.00,39436.78,39436.78,3196,0.312891,12.34
louisiana_floods_2016,2016 Louisiana Floods,Flood,2016,22017022800,2,12447.91,0.00,0.00,12447.91,6223.95,4349,0.459876,2.86
louisiana_floods_2016,2016 Louisiana Floods,Flood,2016,22019000500,1,0.00,0.00,0.00,0.00,0.00,3205,0.312012,0.00
louisiana_floods_2016,2016 Louisiana Floods,Flood,2016,22019000600,2,26711.20,0.00,0.00,26711.20,13355.60,7456,0.268240,3.58
louisiana_floods_2016,2016 Louisiana Floods,Flood,2016,22019000900,1,32453.96,0.00,0.00,32453.96,32453.96,3954,0.252908,8.21
louisiana_floods_2016,2016 Louisiana Floods,Flood,2016,22019001500,1,0.00,0.00,0.00,0.00,0.00,1682,0.594530,0.00
louisiana_floods_2016,2016 Louisiana Floods,Flood,2016,22019001700,1,3197.07,0.00,0.00,3197.07,3197.07,9109,0.109782,0.35
louisiana_floods_2016,2016 Louisiana Floods,Flood,2016,22019001903,1,1268.90,0.00,0.00,1268.90,1268.90,7204,0.138812,0.18
louisiana_floods_2016,2016 Louisiana Floods,Flood,2016,22019002000,2,13411.60,0.00,0.00,13411.60,6705.80,9033,0.221410,1.48
louisiana_floods_2016,2016 Louisiana Floods,Flood,2016,22019002100,1,0.00,0.00,0.00,0.00,0.00,3197,0.312793,0.00
louisiana_floods_2016,2016 Louisiana Floods,Flood,2016,22019002500,1,0.00,0.00,0.00,0.00,0.00,3867,0.258598,0.00
louisiana_floods_2016,2016 Louisiana Floods,Flood,2016,22019002700,1,2930.90,0.00,0.00,2930.90,2930.90,7623,0.131182,0.38
louisiana_floods_2016,2016 Louisiana Floods,Flood,2016,22019002800,9,154344.93,46459.22,0.00,200804.15,22311.57,4428,2.032520,45.35
louisiana_floods_2016,2016 Louisiana Floods,Flood,2016,22019002900,1,36367.01,2441.55,0.00,38808.56,38808.56,2248,0.444840,17.26
louisiana_floods_2016,2016 Louisiana Floods,Flood,2016,22019003000,1,0.00,0.00,0.00,0.00,0.00,4675,0.213904,0.00
louisiana_floods_2016,2016 Louisiana Floods,Flood,2016,22019003400,2,143430.50,5794.21,0.00,149224.71,74612.35,5157,0.387822,28.94
louisiana_floods_2016,2016 Louisiana Floods,Flood,2016,22021000100,2,75701.82,0.00,0.00,75701.82,37850.91,2330,0.858369,32.49
louisiana_floods_2016,2016 Louisiana Floods,Flood,2016,22023970100,6,189582.63,9080.15,0.00,198662.78,33110.46,5072,1.182965,39.17
louisiana_floods_2016,2016 Louisiana Floods,Flood,2016,22023970201,1,0.00,0.00,0.00,0.00,0.00,1667,0.599880,0.00
louisiana_floods_2016,2016 Louisiana Floods,Flood,2016,22025000200,2,11265.98,0.00,0.00,11265.98,5632.99,2520,0.793651,4.47
louisiana_floods_2016,2016 Louisiana Floods,Flood,2016,22029000400,1,0.00,0.00,0.00,0.00,0.00,4442,0.225124,0.00
louisiana_floods_2016,2016 Louisiana Floods,Flood,2016,22033000100,10,144488.78,10200.00,0.00,154688.78,15468.88,1881,5.316321,82.24
louisiana_floods_2016,2016 Louisiana Floods,Flood,2016,22033000200,69,3843257.59,643943.11,0.00,4487200.70,65031.89,6510,10.599078,689.28
louisiana_floods_2016,2016 Louisiana Floods,Flood,2016,22033000400,269,14234318.01,1369456.50,55400.00,15659174.51,58212.54,3064,87.793734,5110.70
louisiana_floods_2016,2016 Louisiana Floods,Flood,2016,22033000601,153,11266703.99,1174565.27,50433.00,12491702.26,81645.11,3095,49.434572,4036.09
louisiana_floods_2016,2016 Louisiana Floods,Flood,2016,22033000602,8,56752.04,1031.14,0.00,57783.18,7222.90,4736,1.689189,12.20
louisiana_floods_2016,2016 Louisiana Floods,Flood,2016,22033000701,158,13441320.82,1115359.06,87000.00,14643679.88,92681.52,2442,64.701065,5996.59
louisiana_floods_2016,2016 Louisiana Floods,Flood,2016,22033000702,111,8005614.69,474210.04,0.00,8479824.73,76394.82,3038,36.537196,2791.25
louisiana_floods_2016,2016 Louisiana Floods,Flood,2016,22033001000,1,0.00,0.00,0.00,0.00,0.00,3404,0.293772,0.00
louisiana_floods_2016,2016 Louisiana Floods,Flood,2016,22033001102,3,59932.65,15390.93,0.00,75323.58,25107.86,3247,0.923930,23.20
louisiana_floods_2016,2016 Louisiana Floods,Flood,2016,22033001600,2,24769.72,0.00,0.00,24769.72,12384.86,3315,0.603318,7.47
louisiana_floods_2016,2016 Louisiana Floods,Flood,2016,22033001700,4,82575.02,1324.86,0.00,83899.88,20974.97,5559,0.719554,15.09
louisiana_floods_2016,2016 Louisiana Floods,Flood,2016,22033001900,2,0.00,0.00,0.00,0.00,0.00,2269,0.881446,0.00
louisiana_floods_2016,2016 Louisiana Floods,Flood,2016,22033002000,3,173626.12,6563.99,0.00,180190.11,60063.37,3661,0.819448,49.22
louisiana_floods_2016,2016 Louisiana Floods,Flood,2016,22033002300,16,493220.73,48518.28,0.00,541739.01,33858.69,2587,6.184770,209.41
louisiana_floods_2016,2016 Louisiana Floods,Flood,2016,22033002400,14,906827.84,0.00,0.00,906827.84,64773.42,2075,6.746988,437.03
louisiana_floods_2016,2016 Louisiana Floods,Flood,2016,22033002500,408,1357552.05,59229.25,30000.00,1446781.30,3546.03,3449,118.295158,419.48
louisiana_floods_2016,2016 Louisiana Floods,Flood,2016,22033002601,4,134013.39,35744.56,0.00,169757.95,42439.49,3970,1.007557,42.76
louisiana_floods_2016,2016 Louisiana Floods,Flood,2016,22033002602,37,2105171.90,160329.77,0.00,2265501.67,61229.77,3653,10.128661,620.18
louisiana_floods_2016,2016 Louisiana Floods,Flood,2016,22033002700,4,28316.42,0.00,0.00,28316.42,7079.10,1594,2.509410,17.76
louisiana_floods_2016,2016 Louisiana Floods,Flood,2016,22033002801,13,112092.78,0.00,12200.00,124292.78,9560.98,2756,4.716981,45.10
louisiana_floods_2016,2016 Louisiana Floods,Flood,2016,22033002802,5,207258.17,0.00,0.00,207258.17,41451.63,4179,1.196458,49.60
louisiana_floods_2016,2016 Louisiana Floods,Flood,2016,22033003000,2,114200.00,6500.00,0.00,120700.00,60350.00,4720,0.423729,25.57
louisiana_floods_2016,2016 Louisiana Floods,Flood,2016,22033003201,54,4041675.34,651682.47,0.00,4693357.81,86914.03,3762,14.354067,1247.57
louisiana_floods_2016,2016 Louisiana Floods,Flood,2016,22033003202,418,35281881.59,5169870.31,72687.00,40524438.90,96948.42,3340,125.149701,12133.07
louisiana_floods_2016,2016 Louisiana Floods,Flood,2016,22033003300,3,21156.43,0.00,0.00,21156.43,7052.14,5229,0.573723,4.05
louisiana_floods_2016,2016 Louisiana Floods,Flood,2016,22033003400,37,1557825.64,193520.65,0.00,1751346.29,47333.68,5850,6.324786,299.38
louisiana_floods_2016,2016 Louisiana Floods,Flood,2016,22033003501,238,22286192.62,4793177.84,115700.00,27195070.46,114265.00,3126,76.135637,8699.64
louisiana_floods_2016,2016 Louisiana Floods,Flood,2016,22033003504,53,3183861.49,970505.57,0.00,4154367.06,78384.28,5889,8.999830,705.45
louisiana_floods_2016,2016 Louisiana Floods,Flood,2016,22033003505,186,19303992.73,3892930.87,160850.00,23357773.60,125579.43,3814,48.767698,6124.22
louisiana_floods_2016,2016 Louisiana Floods,Flood,2016,22033003506,79,8461662.73,4354800.49,0.00,12816463.22,162233.71,7562,10.446972,1694.85
louisiana_floods_2016,2016 Louisiana Floods,Flood,2016,22033003507,248,23086759.96,5985323.09,31299.80,29103382.85,117352.35,5166,48.006194,5633.64
louisiana_floods_2016,2016 Louisiana Floods,Flood,2016,22033003601,325,25543896.86,2874428.47,0.00,28418325.33,87441.00,3665,88.676671,7753.98
louisiana_floods_2016,2016 Louisiana Floods,Flood,2016,22033003603,99,5790194.55,319693.71,30000.00,6139888.26,62019.07,2825,35.044248,2173.41
louisiana_floods_2016,2016 Louisiana Floods,Flood,2016,22033003604,165,8855700.38,712505.25,30000.00,9598205.63,58170.94,5826,28.321318,1647.48
louisiana_floods_2016,2016 Louisiana Floods,Flood,2016,22033003701,45,3211479.00,170380.67,0.00,3381859.67,75152.44,5967,7.541478,566.76
louisiana_floods_2016,2016 Louisiana Floods,Flood,2016,22033003702,184,15249066.01,1016048.58,90000.00,16355114.59,88886.49,3729,49.342987,4385.93
louisiana_floods_2016,2016 Louisiana Floods,Flood,2016,22033003703,538,55647164.09,8639711.23,120000.00,64406875.32,119715.38,6147,87.522369,10477.77
louisiana_floods_2016,2016 Louisiana Floods,Flood,2016,22033003801,3,26007.53,16988.20,0.00,42995.73,14331.91,7010,0.427960,6.13
louisiana_floods_2016,2016 Louisiana Floods,Flood,2016,22033003802,3,68200.79,30023.31,0.00,98224.10,32741.37,5026,0.596896,19.54
louisiana_floods_2016,2016 Louisiana Floods,Flood,2016,22033003804,4,48104.52,1814.25,0.00,49918.77,12479.69,4880,0.819672,10.23
louisiana_floods_2016,2016 Louisiana Floods,Flood,2016,22033003805,25,696158.15,45044.97,0.00,741203.12,29648.12,7025,3.558719,105.51
louisiana_floods_2016,2016 Louisiana Floods,Flood,2016,22033003904,345,30595824.19,1017037.71,0.00,31612861.90,91631.48,6560,52.591463,4819.03
louisiana_floods_2016,2016 Louisiana Floods,Flood,2016,22033003906,1,0.00,0.00,0.00,0.00,0.00,8932,0.111957,0.00
louisiana_floods_2016,2016 Louisiana Floods,Flood,2016,22033003907,172,19228981.41,1801727.45,0.00,21030708.86,122271.56,5881,29.246727,3576.04
louisiana_floods_2016,2016 Louisiana Floods,Flood,2016,22033003908,142,12080453.70,1730330.74,0.00,13810784.44,97259.05,3469,40.933987,3981.20
louisiana_floods_2016,2016 Louisiana Floods,Flood,2016,22033003909,5,21763.89,0.00,0.00,21763.89,4352.78,5554,0.900252,3.92
louisiana_floods_2016,2016 Louisiana Floods,Flood,2016,22033004005,30,1312105.82,99303.05,0.00,1411408.87,47046.96,6591,4.551661,214.14
louisiana_floods_2016,2016 Louisiana Floods,Flood,2016,22033004006,4,46820.43,0.00,0.00,46820.43,11705.11,8366,0.478126,5.60
louisiana_floods_2016,2016 Louisiana Floods,Flood,2016,22033004009,65,4984298.33,1103375.15,23221.65,6110895.13,94013.77,8637,7.525761,707.53
louisiana_floods_2016,2016 Louisiana Floods,Flood,2016,22033004010,5,2323.18,870.07,0.00,3193.25,638.65,4962,1.007658,0.64
louisiana_floods_2016,2016 Louisiana Floods,Flood,2016,22033004011,41,1746430.62,42670.56,0.00,1789101.18,43636.61,6928,5.918014,258.24
louisiana_floods_2016,2016 Louisiana Floods,Flood,2016,22033004013,7,553942.24,0.00,0.00,553942.24,79134.61,4041,1.732244,137.08
louisiana_floods_2016,2016 Louisiana Floods,Flood,2016,22033004014,7,332967.02,7726.96,0.00,340693.98,48670.57,11197,0.625167,30.43
louisiana_floods_2016,2016 Louisiana Floods,Flood,2016,22033004015,12,159875.10,0.00,0.00,159875.10,13322.92,7660,1.566580,20.87
louisiana_floods_2016,2016 Louisiana Floods,Flood,2016,22033004016,8,288550.96,56352.90,0.00,344903.86,43112.98,7923,1.009719,43.53
louisiana_floods_2016,2016 Louisiana Floods,Flood,2016,22033004201,81,6251822.04,320783.54,0.00,6572605.58,81143.28,6161,13.147216,1066.81
louisiana_floods_2016,2016 Louisiana Floods,Flood,2016,22033004203,6,188785.94,9543.06,0.00,198329.00,33054.83,3276,1.831502,60.54
louisiana_floods_2016,2016 Louisiana Floods,Flood,2016,22033004204,192,11255728.24,936177.86,5750.00,12197656.10,63529.46,4680,41.025641,2606.34
louisiana_floods_2016,2016 Louisiana Floods,Flood,2016,22033004205,66,3281071.77,472398.35,0.00,3753470.12,56870.76,5806,11.367551,646.48
louisiana_floods_2016,2016 Louisiana Floods,Flood,2016,22033004301,792,60662540.08,7123541.58,165000.00,67951081.66,85796.82,6147,128.843338,11054.35
louisiana_floods_2016,2016 Louisiana Floods,Flood,2016,22033004302,334,18185508.80,1348084.19,30000.00,19563592.99,58573.63,5347,62.464934,3658.80
louisiana_floods_2016,2016 Louisiana Floods,Flood,2016,22033004401,233,26806921.12,6002483.81,42063.90,32851468.83,140993.43,4910,47.454175,6690.73
louisiana_floods_2016,2016 Louisiana Floods,Flood,2016,22033004402,507,25317699.93,2396821.22,57160.00,27771681.15,54776.49,6631,76.459056,4188.16
louisiana_floods_2016,2016 Louisiana Floods,Flood,2016,22033004403,807,86874416.15,12872827.74,182924.46,99930168.35,123829.20,5931,136.064745,16848.79
louisiana_floods_2016,2016 Louisiana Floods,Flood,2016,22033004503,788,65006183.95,8080154.07,120000.00,73206338.02,92901.44,6356,123.977344,11517.67
louisiana_floods_2016,2016 Louisiana Floods,Flood,2016,22033004504,712,83794098.97,14123253.20,0.00,97917352.17,137524.37,5880,121.088435,16652.61
louisiana_floods_2016,2016 Louisiana Floods,Flood,2016,22033004505,300,34777971.92,4696621.28,0.00,39474593.20,131581.98,8067,37.188546,4893.34
louisiana_floods_2016,2016 Louisiana Floods,Flood,2016,22033004507,19,1292142.87,613712.24,0.00,1905855.11,100308.16,5352,3.550075,356.10
louisiana_floods_2016,2016 Louisiana Floods,Flood,2016,22033004508,23,1814223.76,207493.26,43979.20,2065696.22,89812.88,8545,2.691633,241.74
louisiana_floods_2016,2016 Louisiana Floods,Flood,2016,22033004509,654,45962713.75,5651861.53,90000.00,51704575.28,79058.98,7005,93.361884,7381.10
louisiana_floods_2016,2016 Louisiana Floods,Flood,2016,22033004510,328,25405278.53,3425776.21,284142.45,29115197.19,88765.85,8097,40.508830,3595.80
louisiana_floods_2016,2016 Louisiana Floods,Flood,2016,22033004602,151,10452860.91,2047959.65,30000.00,12530820.56,82985.57,6332,23.847126,1978.97
louisiana_floods_2016,2016 Louisiana Floods,Flood,2016,22033004603,19,1169233.40,100497.09,0.00,1269730.49,66827.92,5014,3.789390,253.24
louisiana_floods_2016,2016 Louisiana Floods,Flood,2016,22033004604,81,3579239.41,952186.62,30000.00,4561426.03,56313.90,11925,6.792453,382.51
louisiana_floods_2016,2016 Louisiana Floods,Flood,2016,22033004700,109,7015286.57,1167494.92,0.00,8182781.49,75071.39,6842,15.931014,1195.96
louisiana_floods_2016,2016 Louisiana Floods,Flood,2016,22033004800,11,743829.29,145149.63,0.00,888978.92,80816.27,3887,2.829946,228.71
louisiana_floods_2016,2016 Louisiana Floods,Flood,2016,22033004900,9,237280.36,7856.61,0.00,245136.97,27237.44,4521,1.990710,54.22
louisiana_floods_2016,2016 Louisiana Floods,Flood,2016,22033005000,23,1320452.21,236398.04,0.00,1556850.25,67689.14,3232,7.116337,481.70
louisiana_floods_2016,2016 Louisiana Floods,Flood,2016,22033005100,2,64690.04,1615.22,0.00,66305.26,33152.63,3093,0.646621,21.44
louisiana_floods_2016,2016 Louisiana Floods,Flood,2016,22033005200,3,185547.19,44732.83,0.00,230280.02,76760.01,1757,1.707456,131.06
louisiana_floods_2016,2016 Louisiana Floods,Flood,2016,22033005300,1,8657.38,0.00,0.00,8657.38,8657.38,3008,0.332447,2.88
louisiana_floods_2016,2016 Louisiana Floods,Flood,2016,22037951300,4,222012.73,58462.78,30000.00,310475.51,77618.88,2997,1.334668,103.60
louisiana_floods_2016,2016 Louisiana Floods,Flood,2016,22037951400,2,64593.71,6718.00,0.00,71311.71,35655.85,3236,0.618047,22.04
louisiana_floods_2016,2016 Louisiana Floods,Flood,2016,22037951501,1,95641.44,63681.01,0.00,159322.45,159322.45,1495,0.668896,106.57
louisiana_floods_2016,2016 Louisiana Floods,Flood,2016,22037951502,6,260897.55,26500.00,0.00,287397.55,47899.59,7171,0.836703,40.08
louisiana_floods_2016,2016 Louisiana Floods,Flood,2016,22037951600,7,506111.51,184961.46,30000.00,721072.97,103010.42,4857,1.441219,148.46
louisiana_floods_2016,2016 Louisiana Floods,Flood,2016,22039950100,1,32361.05,0.00,0.00,32361.05,32361.05,6868,0.145603,4.71
louisiana_floods_2016,2016 Louisiana Floods,Flood,2016,22039950300,2,42087.38,6557.07,0.00,48644.45,24322.23,4857,0.411777,10.02
louisiana_floods_2016,2016 Louisiana Floods,Flood,2016,22039950400,7,139567.41,19779.87,0.00,159347.28,22763.90,6031,1.160670,26.42
louisiana_floods_2016,2016 Louisiana Floods,Flood,2016,22039950500,18,432021.41,29041.40,0.00,461062.81,25614.60,3580,5.027933,128.79
louisiana_floods_2016,2016 Louisiana Floods,Flood,2016,22039950600,26,398092.14,105896.02,0.00,503988.16,19384.16,3335,7.796102,151.12
louisiana_floods_2016,2016 Louisiana Floods,Flood,2016,22039950700,4,172833.17,29230.24,0.00,202063.41,50515.85,3233,1.237241,62.50
louisiana_floods_2016,2016 Louisiana Floods,Flood,2016,22039950800,16,928077.50,208521.35,0.00,1136598.85,71037.43,4115,3.888214,276.21
louisiana_floods_2016,2016 Louisiana Floods,Flood,2016,22045030100,3,12229.38,0.00,0.00,12229.38,4076.46,6990,0.429185,1.75
louisiana_floods_2016,2016 Louisiana Floods,Flood,2016,22045030200,11,229711.42,47568.35,0.00,277279.77,25207.25,6913,1.591205,40.11
louisiana_floods_2016,2016 Louisiana Floods,Flood,2016,22045030301,35,2282811.88,737199.80,0.00,3020011.68,86286.05,4072,8.595285,741.65
louisiana_floods_2016,2016 Louisiana Floods,Flood,2016,22045030302,46,1464107.64,356515.34,0.00,1820622.98,39578.76,6351,7.242954,286.67
louisiana_floods_2016,2016 Louisiana Floods,Flood,2016,22045030400,53,1902986.66,528793.89,0.00,2431780.55,45882.65,7528,7.040383,323.03
louisiana_floods_2016,2016 Louisiana Floods,Flood,2016,22045030500,4,154786.11,18857.38,0.00,173643.49,43410.87,4463,0.896258,38.91
louisiana_floods_2016,2016 Louisiana Floods,Flood,2016,22045030600,10,320829.87,21779.85,0.00,342609.72,34260.97,6458,1.548467,53.05
louisiana_floods_2016,2016 Louisiana Floods,Flood,2016,22045030700,7,167066.36,19940.21,0.00,187006.57,26715.22,4047,1.729676,46.21
louisiana_floods_2016,2016 Louisiana Floods,Flood,2016,22045030800,3,39036.94,10585.98,0.00,49622.92,16540.97,2348,1.277683,21.13
louisiana_floods_2016,2016 Louisiana Floods,Flood,2016,22045030900,3,55694.60,7837.47,0.00,63532.07,21177.36,3032,0.989446,20.95
louisiana_floods_2016,2016 Louisiana Floods,Flood,2016,22045031000,10,373799.90,292216.03,0.00,666015.93,66601.59,3538,2.826456,188.25
louisiana_floods_2016,2016 Louisiana Floods,Flood,2016,22045031100,19,274789.37,148555.90,0.00,423345.27,22281.33,4877,3.895838,86.80
louisiana_floods_2016,2016 Louisiana Floods,Flood,2016,22045031200,9,193750.82,4333.33,0.00,198084.15,22009.35,2974,3.026227,66.61
louisiana_floods_2016,2016 Louisiana Floods,Flood,2016,22045031300,16,298131.47,62701.82,0.00,360833.29,22552.08,6510,2.457757,55.43
louisiana_floods_2016,2016 Louisiana Floods,Flood,2016,22045031600,1,140818.34,0.00,0.00,140818.34,140818.34,3698,0.270416,38.08
louisiana_floods_2016,2016 Louisiana Floods,Flood,2016,22047952700,1,0.00,0.00,0.00,0.00,0.00,6266,0.159591,0.00
louisiana_floods_2016,2016 Louisiana Floods,Flood,2016,22047952900,5,104417.45,9500.00,0.00,113917.45,22783.49,6003,0.832917,18.98
louisiana_floods_2016,2016 Louisiana Floods,Flood,2016,22047953000,4,39558.39,0.00,0.00,39558.39,9889.60,2034,1.966568,19.45
louisiana_floods_2016,2016 Louisiana Floods,Flood,2016,22047953102,1,6104.60,0.00,0.00,6104.60,6104.60,2372,0.421585,2.57
louisiana_floods_2016,2016 Louisiana Floods,Flood,2016,22047953200,56,3247946.87,1209062.31,30000.00,4487009.18,80125.16,8118,6.898251,552.72
louisiana_floods_2016,2016 Louisiana Floods,Flood,2016,22051020201,1,0.00,0.00,0.00,0.00,0.00,2819,0.354736,0.00
louisiana_floods_2016,2016 Louisiana Floods,Flood,2016,22051020505,1,0.00,0.00,0.00,0.00,0.00,1745,0.573066,0.00
louisiana_floods_2016,2016 Louisiana Floods,Flood,2016,22051020515,1,0.00,0.00,0.00,0.00,0.00,3118,0.320718,0.00
louisiana_floods_2016,2016 Louisiana Floods,Flood,2016,22051020516,1,1769.67,3797.36,0.00,5567.03,5567.03,4752,0.210438,1.17
louisiana_floods_2016,2016 Louisiana Floods,Flood,2016,22051020517,2,0.00,17858.35,0.00,17858.35,8929.17,3702,0.540249,4.82
louisiana_floods_2016,2016 Louisiana Floods,Flood,2016,22051021300,1,0.00,0.00,0.00,0.00,0.00,3111,0.321440,0.00
louisiana_floods_2016,2016 Louisiana Floods,Flood,2016,22051021804,1,0.00,0.00,0.00,0.00,0.00,2010,0.497512,0.00
louisiana_floods_2016,2016 Louisiana Floods,Flood,2016,22051023002,1,4055.96,0.00,0.00,4055.96,4055.96,5068,0.197316,0.80
louisiana_floods_2016,2016 Louisiana Floods,Flood,2016,22051023300,1,0.00,0.00,0.00,0.00,0.00,1603,0.623830,0.00
louisiana_floods_2016,2016 Louisiana Floods,Flood,2016,22051023500,1,0.00,0.00,0.00,0.00,0.00,4131,0.242072,0.00
louisiana_floods_2016,2016 Louisiana Floods,Flood,2016,22051023700,2,33167.86,0.00,0.00,33167.86,16583.93,2082,0.960615,15.93
louisiana_floods_2016,2016 Louisiana Floods,Flood,2016,22051023901,1,0.00,0.00,0.00,0.00,0.00,2487,0.402091,0.00
louisiana_floods_2016,2016 Louisiana Floods,Flood,2016,22051023902,2,0.00,0.00,0.00,0.00,0.00,2217,0.902120,0.00
louisiana_floods_2016,2016 Louisiana Floods,Flood,2016,22051023904,1,0.00,0.00,0.00,0.00,0.00,2717,0.368053,0.00
louisiana_floods_2016,2016 Louisiana Floods,Flood,2016,22051024500,1,73762.71,0.00,0.00,73762.71,73762.71,1427,0.700771,51.69
louisiana_floods_2016,2016 Louisiana Floods,Flood,2016,22051025001,1,0.00,0.00,0.00,0.00,0.00,8565,0.116754,0.00
louisiana_floods_2016,2016 Louisiana Floods,Flood,2016,22051025103,2,24721.60,0.00,27275.00,51996.60,25998.30,3914,0.510986,13.28
louisiana_floods_2016,2016 Louisiana Floods,Flood,2016,22051025400,1,0.00,0.00,0.00,0.00,0.00,4246,0.235516,0.00
louisiana_floods_2016,2016 Louisiana Floods,Flood,2016,22051025700,2,0.00,0.00,0.00,0.00,0.00,1155,1.731602,0.00
louisiana_floods_2016,2016 Louisiana Floods,Flood,2016,22051027501,1,0.00,0.00,0.00,0.00,0.00,6374,0.156887,0.00
louisiana_floods_2016,2016 Louisiana Floods,Flood,2016,22051027502,1,0.00,0.00,0.00,0.00,0.00,3342,0.299222,0.00
louisiana_floods_2016,2016 Louisiana Floods,Flood,2016,22051027601,2,13338.21,2380.77,0.00,15718.98,7859.49,5285,0.378430,2.97
louisiana_floods_2016,2016 Louisiana Floods,Flood,2016,22051027703,1,0.00,0.00,0.00,0.00,0.00,4460,0.224215,0.00
louisiana_floods_2016,2016 Louisiana Floods,Flood,2016,22051027805,2,0.00,0.00,0.00,0.00,0.00,8351,0.239492,0.00
louisiana_floods_2016,2016 Louisiana Floods,Flood,2016,22051027806,1,0.00,0.00,0.00,0.00,0.00,6371,0.156961,0.00
louisiana_floods_2016,2016 Louisiana Floods,Flood,2016,22051027807,2,5189.61,0.00,0.00,5189.61,2594.80,9012,0.221926,0.58
louisiana_floods_2016,2016 Louisiana Floods,Flood,2016,22051027902,1,0.00,0.00,0.00,0.00,0.00,1756,0.569476,0.00
louisiana_floods_2016,2016 Louisiana Floods,Flood,2016,22053000100,3,184676.12,3801.03,0.00,188477.15,62825.72,5201,0.576812,36.24
louisiana_floods_2016,2016 Louisiana Floods,Flood,2016,22053000200,5,151866.71,26302.40,0.00,178169.11,35633.82,4755,1.051525,37.47
louisiana_floods_2016,2016 Louisiana Floods,Flood,2016,22053000300,34,1288940.94,214344.29,0.00,1503285.23,44214.27,5307,6.406633,283.26
louisiana_floods_2016,2016 Louisiana Floods,Flood,2016,22053000400,29,497450.46,141981.14,0.00,639431.60,22049.37,5952,4.872312,107.43
louisiana_floods_2016,2016 Louisiana Floods,Flood,2016,22053000500,1,31486.33,8364.21,0.00,39850.54,39850.54,5139,0.194590,7.75
louisiana_floods_2016,2016 Louisiana Floods,Flood,2016,22053000600,1,44986.91,15985.42,0.00,60972.33,60972.33,3124,0.320102,19.52
louisiana_floods_2016,2016 Louisiana Floods,Flood,2016,22053000700,2,61591.95,23277.61,0.00,84869.56,42434.78,1921,1.041124,44.18
louisiana_floods_2016,2016 Louisiana Floods,Flood,2016,22055000100,1,43493.29,5558.77,0.00,49052.06,49052.06,3012,0.332005,16.29
louisiana_floods_2016,2016 Louisiana Floods,Flood,2016,22055000500,2,20624.51,2283.18,0.00,22907.69,11453.84,2913,0.686577,7.86
louisiana_floods_2016,2016 Louisiana Floods,Flood,2016,22055000602,6,26165.48,0.00,0.00,26165.48,4360.91,4819,1.245072,5.43
louisiana_floods_2016,2016 Louisiana Floods,Flood,2016,22055000603,5,1051.32,0.00,0.00,1051.32,210.26,2738,1.826150,0.38
louisiana_floods_2016,2016 Louisiana Floods,Flood,2016,22055000604,11,258602.13,6221.40,0.00,264823.53,24074.87,7261,1.514943,36.47
louisiana_floods_2016,2016 Louisiana Floods,Flood,2016,22055000700,4,24009.28,0.00,0.00,24009.28,6002.32,3007,1.330229,7.98
louisiana_floods_2016,2016 Louisiana Floods,Flood,2016,22055000900,4,28318.38,0.00,0.00,28318.38,7079.59,1801,2.220988,15.72
louisiana_floods_2016,2016 Louisiana Floods,Flood,2016,22055001001,6,208226.44,54294.38,0.00,262520.82,43753.47,5565,1.078167,47.17
louisiana_floods_2016,2016 Louisiana Floods,Flood,2016,22055001002,1,45057.36,0.00,0.00,45057.36,45057.36,3551,0.281611,12.69
louisiana_floods_2016,2016 Louisiana Floods,Flood,2016,22055001003,32,736567.85,133200.72,0.00,869768.57,27180.27,3964,8.072654,219.42
louisiana_floods_2016,2016 Louisiana Floods,Flood,2016,22055001100,1,10000.00,0.00,0.00,10000.00,10000.00,6776,0.147580,1.48
louisiana_floods_2016,2016 Louisiana Floods,Flood,2016,22055001200,39,713342.27,114540.42,0.00,827882.69,21227.76,7700,5.064935,107.52
louisiana_floods_2016,2016 Louisiana Floods,Flood,2016,22055001300,11,307964.30,34183.32,36515.98,378663.60,34423.96,5149,2.136337,73.54
louisiana_floods_2016,2016 Louisiana Floods,Flood,2016,22055001401,34,2985983.74,1081911.20,30000.00,4097894.94,120526.32,9977,3.407838,410.73
louisiana_floods_2016,2016 Louisiana Floods,Flood,2016,22055001402,141,8676148.77,2380924.95,11455.00,11068528.72,78500.20,7949,17.738080,1392.44
louisiana_floods_2016,2016 Louisiana Floods,Flood,2016,22055001403,106,14897049.27,3753426.79,0.00,18650476.06,175947.89,5153,20.570541,3619.34
louisiana_floods_2016,2016 Louisiana Floods,Flood,2016,22055001404,80,4660191.70,1238069.33,0.00,5898261.03,73728.26,9228,8.669267,639.17
louisiana_floods_2016,2016 Louisiana Floods,Flood,2016,22055001405,44,2014079.90,466640.51,0.00,2480720.41,56380.01,8811,4.993758,281.55
louisiana_floods_2016,2016 Louisiana Floods,Flood,2016,22055001406,40,2174509.66,799201.80,0.00,2973711.46,74342.79,5373,7.444631,553.45
louisiana_floods_2016,2016 Louisiana Floods,Flood,2016,22055001407,21,3749023.85,1533247.33,28806.00,5311077.18,252908.44,5731,3.664282,926.73
louisiana_floods_2016,2016 Louisiana Floods,Flood,2016,22055001409,68,2552955.69,514983.97,0.00,3067939.66,45116.76,9593,7.088502,319.81
louisiana_floods_2016,2016 Louisiana Floods,Flood,2016,22055001410,143,7878305.00,2558883.47,0.00,10437188.47,72987.33,15186,9.416568,687.29
louisiana_floods_2016,2016 Louisiana Floods,Flood,2016,22055001411,20,1245786.12,207448.72,0.00,1453234.84,72661.74,2134,9.372071,680.99
louisiana_floods_2016,2016 Louisiana Floods,Flood,2016,22055001500,82,8853468.51,2694916.44,101285.00,11649669.95,142069.15,5441,15.070759,2141.09
louisiana_floods_2016,2016 Louisiana Floods,Flood,2016,22055001600,32,4724381.93,1533654.98,0.00,6258036.91,195563.65,3026,10.575017,2068.09
louisiana_floods_2016,2016 Louisiana Floods,Flood,2016,22055001700,27,2635064.73,754525.82,0.00,3389590.55,125540.39,6777,3.984064,500.16
louisiana_floods_2016,2016 Louisiana Floods,Flood,2016,22055001801,44,2254698.48,276123.08,0.00,2530821.56,57518.67,3340,13.173653,757.73
louisiana_floods_2016,2016 Louisiana Floods,Flood,2016,22055001802,6,71813.90,0.00,0.00,71813.90,11968.98,4103,1.462345,17.50
louisiana_floods_2016,2016 Louisiana Floods,Flood,2016,22055001901,54,2331622.50,554674.62,0.00,2886297.12,53449.95,6219,8.683068,464.11
louisiana_floods_2016,2016 Louisiana Floods,Flood,2016,22055001902,48,1451870.81,132436.54,30000.00,1614307.35,33631.40,7267,6.605202,222.14
louisiana_floods_2016,2016 Louisiana Floods,Flood,2016,22055001903,66,3194071.98,174762.78,0.00,3368834.76,51042.95,6255,10.551559,538.58
louisiana_floods_2016,2016 Louisiana Floods,Flood,2016,22055001904,158,6865801.36,721025.73,0.00,7586827.09,48017.89,4600,34.347826,1649.31
louisiana_floods_2016,2016 Louisiana Floods,Flood,2016,22055001905,292,21068638.20,4572155.78,30000.00,25670793.98,87913.68,5828,50.102951,4404.73
louisiana_floods_2016,2016 Louisiana Floods,Flood,2016,22055002001,45,1709987.74,71095.50,13600.00,1794683.24,39881.85,5612,8.018532,319.79
louisiana_floods_2016,2016 Louisiana Floods,Flood,2016,22055002002,51,1432031.90,108379.70,0.00,1540411.60,30204.15,6408,7.958801,240.39
louisiana_floods_2016,2016 Louisiana Floods,Flood,2016,22055002101,73,1894632.02,292293.91,0.00,2186925.93,29957.89,5801,12.584037,376.99
louisiana_floods_2016,2016 Louisiana Floods,Flood,2016,22055002102,7,31930.85,6300.48,0.00,38231.33,5461.62,4859,1.440626,7.87
louisiana_floods_2016,2016 Louisiana Floods,Flood,2016,22055002103,6,6475.47,560.60,0.00,7036.07,1172.68,4382,1.369238,1.61
louisiana_floods_2016,2016 Louisiana Floods,Flood,2016,22055002104,20,481599.08,10819.15,0.00,492418.23,24620.91,5439,3.677147,90.53
louisiana_floods_2016,2016 Louisiana Floods,Flood,2016,22055002200,26,2593269.33,294740.40,0.00,2888009.73,111077.30,6492,4.004929,444.86
louisiana_floods_2016,2016 Louisiana Floods,Flood,2016,22057021100,1,0.00,0.00,0.00,0.00,0.00,7341,0.136221,0.00
louisiana_floods_2016,2016 Louisiana Floods,Flood,2016,22057021400,2,1178.44,0.00,0.00,1178.44,589.22,3958,0.505306,0.30
louisiana_floods_2016,2016 Louisiana Floods,Flood,2016,22057021601,1,8149.77,0.00,0.00,8149.77,8149.77,7099,0.140865,1.15
louisiana_floods_2016,2016 Louisiana Floods,Flood,2016,22057021800,1,469.12,0.00,0.00,469.12,469.12,5106,0.195848,0.09
louisiana_floods_2016,2016 Louisiana Floods,Flood,2016,22057022000,1,0.00,0.00,0.00,0.00,0.00,2287,0.437254,0.00
louisiana_floods_2016,2016 Louisiana Floods,Flood,2016,22061960500,1,5011.20,0.00,0.00,5011.20,5011.20,4308,0.232126,1.16
louisiana_floods_2016,2016 Louisiana Floods,Flood,2016,22063040100,196,11389337.75,2548359.48,63142.89,14000840.12,71432.86,10238,19.144364,1367.54
louisiana_floods_2016,2016 Louisiana Floods,Flood,2016,22063040201,90,3668130.97,631837.82,9300.00,4309268.79,47880.76,6576,13.686131,655.30
louisiana_floods_2016,2016 Louisiana Floods,Flood,2016,22063040202,186,11818563.69,1339635.72,135243.05,13293442.46,71470.12,4512,41.223404,2946.24
louisiana_floods_2016,2016 Louisiana Floods,Flood,2016,22063040301,293,23474131.28,3249580.02,97500.00,26821211.30,91539.97,9478,30.913695,2829.84
louisiana_floods_2016,2016 Louisiana Floods,Flood,2016,22063040303,152,9511520.75,1854021.25,0.00,11365542.00,74773.30,10813,14.057153,1051.10
louisiana_floods_2016,2016 Louisiana Floods,Flood,2016,22063040304,127,3464519.87,329920.94,7775.00,3802215.81,29938.71,5838,21.754025,651.29
louisiana_floods_2016,2016 Louisiana Floods,Flood,2016,22063040401,239,20614538.85,3263887.84,24953.25,23903379.94,100014.14,7731,30.914500,3091.89
louisiana_floods_2016,2016 Louisiana Floods,Flood,2016,22063040402,139,6439858.23,1076851.60,60000.00,7576709.83,54508.70,8233,16.883275,920.29
louisiana_floods_2016,2016 Louisiana Floods,Flood,2016,22063040500,292,25008049.68,3937519.17,209463.80,29155032.65,99846.00,12667,23.052025,2301.65
louisiana_floods_2016,2016 Louisiana Floods,Flood,2016,22063040600,472,46248248.03,5232290.78,306476.04,51787014.85,109718.25,8525,55.366569,6074.72
louisiana_floods_2016,2016 Louisiana Floods,Flood,2016,22063040700,865,91118335.61,11557717.47,582308.46,103258361.54,119373.83,3936,219.766260,26234.34
louisiana_floods_2016,2016 Louisiana Floods,Flood,2016,22063040802,278,17735862.10,2767026.18,368321.78,20871210.06,75076.30,6025,46.141079,3464.10
louisiana_floods_2016,2016 Louisiana Floods,Flood,2016,22063040804,246,16293208.70,2666907.37,141632.45,19101748.52,77649.38,17001,14.469737,1123.57
louisiana_floods_2016,2016 Louisiana Floods,Flood,2016,22063040805,504,52925758.02,8009409.84,151797.87,61086965.73,121204.30,5082,99.173554,12020.26
louisiana_floods_2016,2016 Louisiana Floods,Flood,2016,22063040806,501,47948379.73,6701476.65,452787.41,55102643.79,109985.32,7060,70.963173,7804.91
louisiana_floods_2016,2016 Louisiana Floods,Flood,2016,22063040901,155,9033159.51,2706920.38,199000.00,11939079.89,77026.32,7035,22.032694,1697.10
louisiana_floods_2016,2016 Louisiana Floods,Flood,2016,22063040902,244,7792389.86,1282709.09,283070.00,9358168.95,38353.15,5175,47.149758,1808.34
louisiana_floods_2016,2016 Louisiana Floods,Flood,2016,22067950100,1,0.00,0.00,0.00,0.00,0.00,1397,0.715820,0.00
louisiana_floods_2016,2016 Louisiana Floods,Flood,2016,22071000604,1,0.00,0.00,0.00,0.00,0.00,4430,0.225734,0.00
louisiana_floods_2016,2016 Louisiana Floods,Flood,2016,22071000606,1,9676.89,0.00,0.00,9676.89,9676.89,4871,0.205297,1.99
louisiana_floods_2016,2016 Louisiana Floods,Flood,2016,22071000702,1,0.00,0.00,0.00,0.00,0.00,1765,0.566572,0.00
louisiana_floods_2016,2016 Louisiana Floods,Flood,2016,22071001401,1,0.00,0.00,0.00,0.00,0.00,1433,0.697837,0.00
louisiana_floods_2016,2016 Louisiana Floods,Flood,2016,22071001723,2,0.00,0.00,0.00,0.00,0.00,4743,0.421674,0.00
louisiana_floods_2016,2016 Louisiana Floods,Flood,2016,22071001725,2,0.00,0.00,0.00,0.00,0.00,7381,0.270966,0.00
louisiana_floods_2016,2016 Louisiana Floods,Flood,2016,22071001735,1,0.00,0.00,0.00,0.00,0.00,2013,0.496771,0.00
louisiana_floods_2016,2016 Louisiana Floods,Flood,2016,22071001745,2,16286.27,0.00,0.00,16286.27,8143.14,3486,0.573723,4.67
louisiana_floods_2016,2016 Louisiana Floods,Flood,2016,22071001746,1,0.00,0.00,0.00,0.00,0.00,4174,0.239578,0.00
louisiana_floods_2016,2016 Louisiana Floods,Flood,2016,22071001748,2,0.00,0.00,0.00,0.00,0.00,4631,0.431872,0.00
louisiana_floods_2016,2016 Louisiana Floods,Flood,2016,22071003308,3,0.00,0.00,0.00,0.00,0.00,3534,0.848896,0.00
louisiana_floods_2016,2016 Louisiana Floods,Flood,2016,22073000200,1,0.00,0.00,0.00,0.00,0.00,5155,0.193986,0.00
louisiana_floods_2016,2016 Louisiana Floods,Flood,2016,22073001100,1,0.00,0.00,0.00,0.00,0.00,3460,0.289017,0.00
louisiana_floods_2016,2016 Louisiana Floods,Flood,2016,22073005201,2,85519.89,14501.30,0.00,100021.19,50010.60,3662,0.546150,27.31
louisiana_floods_2016,2016 Louisiana Floods,Flood,2016,22073005204,1,91211.47,19794.37,0.00,111005.84,111005.84,5503,0.181719,20.17
louisiana_floods_2016,2016 Louisiana Floods,Flood,2016,22077951900,30,840588.38,85685.63,0.00,926274.01,30875.80,5079,5.906675,182.37
louisiana_floods_2016,2016 Louisiana Floods,Flood,2016,22077952000,1,2660.97,0.00,0.00,2660.97,2660.97,2661,0.375799,1.00
louisiana_floods_2016,2016 Louisiana Floods,Flood,2016,22077952100,3,75236.56,23200.00,0.00,98436.56,32812.19,4596,0.652742,21.42
louisiana_floods_2016,2016 Louisiana Floods,Flood,2016,22077952200,74,1921601.63,273347.40,27500.00,2222449.03,30033.10,3651,20.268420,608.72
louisiana_floods_2016,2016 Louisiana Floods,Flood,2016,22077952300,12,375296.90,3050.56,0.00,378347.46,31528.96,1575,7.619048,240.22
louisiana_floods_2016,2016 Louisiana Floods,Flood,2016,22077952400,8,182181.96,17755.17,0.00,199937.13,24992.14,4804,1.665279,41.62
louisiana_floods_2016,2016 Louisiana Floods,Flood,2016,22087030209,1,0.00,0.00,0.00,0.00,0.00,3443,0.290444,0.00
louisiana_floods_2016,2016 Louisiana Floods,Flood,2016,22087030602,1,0.00,0.00,0.00,0.00,0.00,2829,0.353482,0.00
louisiana_floods_2016,2016 Louisiana Floods,Flood,2016,22089062100,1,0.00,0.00,0.00,0.00,0.00,6237,0.160333,0.00
louisiana_floods_2016,2016 Louisiana Floods,Flood,2016,22089062200,1,0.00,0.00,0.00,0.00,0.00,2376,0.420875,0.00
louisiana_floods_2016,2016 Louisiana Floods,Flood,2016,22089062302,1,1252.32,0.00,0.00,1252.32,1252.32,4742,0.210881,0.26
louisiana_floods_2016,2016 Louisiana Floods,Flood,2016,22089062700,1,1746.41,0.00,0.00,1746.41,1746.41,4942,0.202347,0.35
louisiana_floods_2016,2016 Louisiana Floods,Flood,2016,22089062800,3,13770.33,3595.28,0.00,17365.61,5788.54,4923,0.609385,3.53
louisiana_floods_2016,2016 Louisiana Floods,Flood,2016,22089062900,1,0.00,0.00,0.00,0.00,0.00,2475,0.404040,0.00
louisiana_floods_2016,2016 Louisiana Floods,Flood,2016,22089063100,3,22061.76,0.00,0.00,22061.76,7353.92,7818,0.383730,2.82
louisiana_floods_2016,2016 Louisiana Floods,Flood,2016,22091951100,4,57779.17,0.00,0.00,57779.17,14444.79,4030,0.992556,14.34
louisiana_floods_2016,2016 Louisiana Floods,Flood,2016,22091951200,13,657499.95,176796.68,0.00,834296.63,64176.66,6684,1.944943,124.82
louisiana_floods_2016,2016 Louisiana Floods,Flood,2016,22093040100,6,53783.97,5044.63,0.00,58828.60,9804.77,3619,1.657917,16.26
louisiana_floods_2016,2016 Louisiana Floods,Flood,2016,22093040200,7,24825.24,32045.53,0.00,56870.77,8124.40,3343,2.093928,17.01
louisiana_floods_2016,2016 Louisiana Floods,Flood,2016,22093040300,21,480960.85,148708.99,0.00,629669.84,29984.28,3504,5.993151,179.70
louisiana_floods_2016,2016 Louisiana Floods,Flood,2016,22093040400,1,47428.77,13072.78,0.00,60501.55,60501.55,2543,0.393236,23.79
louisiana_floods_2016,2016 Louisiana Floods,Flood,2016,22093040600,1,0.00,0.00,0.00,0.00,0.00,2661,0.375799,0.00
louisiana_floods_2016,2016 Louisiana Floods,Flood,2016,22095070200,1,0.00,0.00,0.00,0.00,0.00,7329,0.136444,0.00
louisiana_floods_2016,2016 Louisiana Floods,Flood,2016,22095070300,1,7201.64,0.00,0.00,7201.64,7201.64,5793,0.172622,1.24
louisiana_floods_2016,2016 Louisiana Floods,Flood,2016,22095070500,1,0.00,0.00,0.00,0.00,0.00,5800,0.172414,0.00
louisiana_floods_2016,2016 Louisiana Floods,Flood,2016,22095070600,1,17552.67,0.00,0.00,17552.67,17552.67,2285,0.437637,7.68
louisiana_floods_2016,2016 Louisiana Floods,Flood,2016,22097960100,1,0.00,0.00,0.00,0.00,0.00,2966,0.337154,0.00
louisiana_floods_2016,2016 Louisiana Floods,Flood,2016,22097960200,14,335196.48,13165.18,0.00,348361.66,24882.98,3939,3.554202,88.44
louisiana_floods_2016,2016 Louisiana Floods,Flood,2016,22097960300,14,153230.03,11430.00,0.00,164660.03,11761.43,3723,3.760408,44.23
louisiana_floods_2016,2016 Louisiana Floods,Flood,2016,22097960400,7,58920.95,4881.07,0.00,63802.02,9114.57,1911,3.663004,33.39
louisiana_floods_2016,2016 Louisiana Floods,Flood,2016,22097960500,11,272499.52,4040.47,0.00,276539.99,25140.00,5917,1.859050,46.74
louisiana_floods_2016,2016 Louisiana Floods,Flood,2016,22097960600,12,557069.86,70634.80,0.00,627704.66,52308.72,6465,1.856148,97.09
louisiana_floods_2016,2016 Louisiana Floods,Flood,2016,22097960700,12,386027.65,106022.30,0.00,492049.95,41004.16,5856,2.049180,84.02
louisiana_floods_2016,2016 Louisiana Floods,Flood,2016,22097960800,26,869668.28,269275.33,0.00,1138943.61,43805.52,3633,7.156620,313.50
louisiana_floods_2016,2016 Louisiana Floods,Flood,2016,22097960900,27,2069661.85,87048.08,0.00,2156709.93,79878.15,3941,6.851053,547.25
louisiana_floods_2016,2016 Louisiana Floods,Flood,2016,22097961000,13,299598.78,16551.26,0.00,316150.04,24319.23,2287,5.684303,138.24
louisiana_floods_2016,2016 Louisiana Floods,Flood,2016,22097961100,43,1176644.77,156245.59,0.00,1332890.36,30997.45,3560,12.078652,374.41
louisiana_floods_2016,2016 Louisiana Floods,Flood,2016,22097961200,11,406657.93,78619.92,0.00,485277.85,44116.17,5871,1.873616,82.66
louisiana_floods_2016,2016 Louisiana Floods,Flood,2016,22097961300,6,79255.17,874.51,0.00,80129.68,13354.95,4297,1.396323,18.65
louisiana_floods_2016,2016 Louisiana Floods,Flood,2016,22097961400,5,85311.71,11000.00,0.00,96311.71,19262.34,4253,1.175641,22.65
louisiana_floods_2016,2016 Louisiana Floods,Flood,2016,22097961500,4,76818.88,0.00,0.00,76818.88,19204.72,4304,0.929368,17.85
louisiana_floods_2016,2016 Louisiana Floods,Flood,2016,22097961700,7,98426.53,3821.91,0.00,102248.44,14606.92,6031,1.160670,16.95
louisiana_floods_2016,2016 Louisiana Floods,Flood,2016,22097961800,17,491518.22,91713.13,0.00,583231.35,34307.73,6929,2.453456,84.17
louisiana_floods_2016,2016 Louisiana Floods,Flood,2016,22097961900,1,3531.65,0.00,0.00,3531.65,3531.65,3350,0.298507,1.05
louisiana_floods_2016,2016 Louisiana Floods,Flood,2016,22099020100,12,85646.85,13000.00,0.00,98646.85,8220.57,5146,2.331908,19.17
louisiana_floods_2016,2016 Louisiana Floods,Flood,2016,22099020200,9,110560.43,10752.27,0.00,121312.70,13479.19,8017,1.122614,15.13
louisiana_floods_2016,2016 Louisiana Floods,Flood,2016,22099020301,22,411810.19,67757.51,0.00,479567.70,21798.53,4965,4.431017,96.59
louisiana_floods_2016,2016 Louisiana Floods,Flood,2016,22099020302,30,1425475.74,399890.25,0.00,1825365.99,60845.53,7726,3.882992,236.26
louisiana_floods_2016,2016 Louisiana Floods,Flood,2016,22099020400,42,1679431.95,517662.54,0.00,2197094.49,52311.77,5678,7.396971,386.95
louisiana_floods_2016,2016 Louisiana Floods,Flood,2016,22099020501,21,702436.07,163795.22,0.00,866231.29,41249.11,5449,3.853918,158.97
louisiana_floods_2016,2016 Louisiana Floods,Flood,2016,22099020502,6,77138.64,0.00,0.00,77138.64,12856.44,4012,1.495513,19.23
louisiana_floods_2016,2016 Louisiana Floods,Flood,2016,22099020600,44,1602691.27,196943.33,0.00,1799634.60,40900.79,6117,7.193068,294.20
louisiana_floods_2016,2016 Louisiana Floods,Flood,2016,22099020800,11,229968.76,29021.35,0.00,258990.11,23544.56,3103,3.544956,83.46
louisiana_floods_2016,2016 Louisiana Floods,Flood,2016,22099020900,4,72054.06,12038.21,0.00,84092.27,21023.07,1718,2.328289,48.95
louisiana_floods_2016,2016 Louisiana Floods,Flood,2016,22101041000,1,31398.17,0.00,0.00,31398.17,31398.17,3604,0.277469,8.71
louisiana_floods_2016,2016 Louisiana Floods,Flood,2016,22101041100,2,785.67,0.00,0.00,785.67,392.83,1761,1.135718,0.45
louisiana_floods_2016,2016 Louisiana Floods,Flood,2016,22101041300,1,0.00,0.00,0.00,0.00,0.00,2003,0.499251,0.00
louisiana_floods_2016,2016 Louisiana Floods,Flood,2016,22101041600,1,0.00,0.00,0.00,0.00,0.00,1846,0.541712,0.00
louisiana_floods_2016,2016 Louisiana Floods,Flood,2016,22103040201,35,825983.67,182539.64,0.00,1008523.31,28814.95,9792,3.574346,102.99
louisiana_floods_2016,2016 Louisiana Floods,Flood,2016,22103040202,1,0.00,0.00,0.00,0.00,0.00,6363,0.157159,0.00
louisiana_floods_2016,2016 Louisiana Floods,Flood,2016,22103040304,7,83827.19,0.00,0.00,83827.19,11975.31,6680,1.047904,12.55
louisiana_floods_2016,2016 Louisiana Floods,Flood,2016,22103040305,39,1200261.23,118593.64,0.00,1318854.87,33816.79,12713,3.067726,103.74
louisiana_floods_2016,2016 Louisiana Floods,Flood,2016,22103040400,5,91234.05,21528.98,0.00,112763.03,22552.61,8268,0.604741,13.64
louisiana_floods_2016,2016 Louisiana Floods,Flood,2016,22103040501,2,0.00,0.00,0.00,0.00,0.00,4523,0.442184,0.00
louisiana_floods_2016,2016 Louisiana Floods,Flood,2016,22103040502,1,21490.83,0.00,0.00,21490.83,21490.83,4252,0.235183,5.05
louisiana_floods_2016,2016 Louisiana Floods,Flood,2016,22103040601,3,2893.16,0.00,0.00,2893.16,964.39,2462,1.218522,1.18
louisiana_floods_2016,2016 Louisiana Floods,Flood,2016,22103040602,3,25031.48,0.00,0.00,25031.48,8343.83,2685,1.117318,9.32
louisiana_floods_2016,2016 Louisiana Floods,Flood,2016,22103040604,1,287.80,0.00,0.00,287.80,287.80,9246,0.108155,0.03
louisiana_floods_2016,2016 Louisiana Floods,Flood,2016,22103040710,1,0.00,0.00,0.00,0.00,0.00,6388,0.156544,0.00
louisiana_floods_2016,2016 Louisiana Floods,Flood,2016,22103040900,1,0.00,0.00,0.00,0.00,0.00,2751,0.363504,0.00
louisiana_floods_2016,2016 Louisiana Floods,Flood,2016,22103041209,1,0.00,0.00,0.00,0.00,0.00,5115,0.195503,0.00
louisiana_floods_2016,2016 Louisiana Floods,Flood,2016,22103041210,1,0.00,0.00,0.00,0.00,0.00,2653,0.376932,0.00
louisiana_floods_2016,2016 Louisiana Floods,Flood,2016,22103041211,1,0.00,0.00,0.00,0.00,0.00,6187,0.161629,0.00
louisiana_floods_2016,2016 Louisiana Floods,Flood,2016,22105953200,1,1065.48,0.00,0.00,1065.48,1065.48,3043,0.328623,0.35
louisiana_floods_2016,2016 Louisiana Floods,Flood,2016,22105953300,8,209429.18,41922.62,0.00,251351.80,31418.97,3940,2.030457,63.79
louisiana_floods_2016,2016 Louisiana Floods,Flood,2016,22105953400,8,269325.68,14447.35,0.00,283773.03,35471.63,5721,1.398357,49.60
louisiana_floods_2016,2016 Louisiana Floods,Flood,2016,22105953500,15,1092729.02,285480.76,0.00,1378209.78,91880.65,7523,1.993885,183.20
louisiana_floods_2016,2016 Louisiana Floods,Flood,2016,22105953600,22,800175.09,102424.45,0.00,902599.54,41027.25,6418,3.427859,140.64
louisiana_floods_2016,2016 Louisiana Floods,Flood,2016,22105953700,56,3076330.98,819690.98,0.00,3896021.96,69571.82,10796,5.187106,360.88
louisiana_floods_2016,2016 Louisiana Floods,Flood,2016,22105953800,116,4937045.55,1074183.31,0.00,6011228.86,51820.94,5112,22.691706,1175.91
louisiana_floods_2016,2016 Louisiana Floods,Flood,2016,22105953900,37,1717371.27,100160.64,0.00,1817531.91,49122.48,8615,4.294835,210.97
louisiana_floods_2016,2016 Louisiana Floods,Flood,2016,22105954001,27,260063.78,10248.30,0.00,270312.08,10011.56,4675,5.775401,57.82
louisiana_floods_2016,2016 Louisiana Floods,Flood,2016,22105954002,25,1227367.46,375393.40,0.00,1602760.86,64110.43,5716,4.373688,280.40
louisiana_floods_2016,2016 Louisiana Floods,Flood,2016,22105954101,24,1173947.53,316997.31,0.00,1490944.84,62122.70,5197,4.618049,286.89
louisiana_floods_2016,2016 Louisiana Floods,Flood,2016,22105954102,10,657959.82,140812.63,0.00,798772.45,79877.25,11036,0.906125,72.38
louisiana_floods_2016,2016 Louisiana Floods,Flood,2016,22105954400,10,155830.15,15930.56,0.00,171760.71,17176.07,3554,2.813731,48.33
louisiana_floods_2016,2016 Louisiana Floods,Flood,2016,22105954501,2,24606.31,1907.29,0.00,26513.60,13256.80,5750,0.347826,4.61
louisiana_floods_2016,2016 Louisiana Floods,Flood,2016,22105954502,10,227252.50,48008.44,0.00,275260.94,27526.09,7415,1.348618,37.12
louisiana_floods_2016,2016 Louisiana Floods,Flood,2016,22105954600,274,14725049.22,4362311.81,150000.00,19237361.03,70209.35,12952,21.155034,1485.28
louisiana_floods_2016,2016 Louisiana Floods,Flood,2016,22105954700,18,788662.15,138344.69,0.00,927006.84,51500.38,5369,3.352580,172.66
louisiana_floods_2016,2016 Louisiana Floods,Flood,2016,22105954800,143,8463583.28,4162300.00,0.00,12625883.28,88292.89,5085,28.121927,2482.97
louisiana_floods_2016,2016 Louisiana Floods,Flood,2016,22109000101,1,0.00,0.00,0.00,0.00,0.00,6000,0.166667,0.00
louisiana_floods_2016,2016 Louisiana Floods,Flood,2016,22109000202,1,0.00,0.00,0.00,0.00,0.00,7064,0.141563,0.00
louisiana_floods_2016,2016 Louisiana Floods,Flood,2016,22109000600,1,0.00,0.00,0.00,0.00,0.00,5684,0.175932,0.00
louisiana_floods_2016,2016 Louisiana Floods,Flood,2016,22109000800,1,0.00,0.00,0.00,0.00,0.00,5654,0.176866,0.00
louisiana_floods_2016,2016 Louisiana Floods,Flood,2016,22109001300,1,0.00,0.00,0.00,0.00,0.00,8707,0.114850,0.00
louisiana_floods_2016,2016 Louisiana Floods,Flood,2016,22109001400,1,2156.67,0.00,0.00,2156.67,2156.67,3252,0.307503,0.66
louisiana_floods_2016,2016 Louisiana Floods,Flood,2016,22113950100,82,3568665.18,1037006.93,75000.00,4680672.11,57081.37,9924,8.262797,471.65
louisiana_floods_2016,2016 Louisiana Floods,Flood,2016,22113950200,29,741062.28,151337.74,0.00,892400.02,30772.41,5006,5.793048,178.27
louisiana_floods_2016,2016 Louisiana Floods,Flood,2016,22113950400,63,1519983.86,187381.98,0.00,1707365.84,27101.05,5297,11.893525,322.33
louisiana_floods_2016,2016 Louisiana Floods,Flood,2016,22113950500,112,4614708.32,997256.70,90000.00,5701965.02,50910.40,5510,20.326679,1034.84
louisiana_floods_2016,2016 Louisiana Floods,Flood,2016,22113950600,135,8767415.32,1998485.79,45000.00,10810901.11,80080.75,3226,41.847489,3351.18
louisiana_floods_2016,2016 Louisiana Floods,Flood,2016,22113950700,68,3649147.73,1087999.67,0.00,4737147.40,69663.93,3616,18.805310,1310.05
louisiana_floods_2016,2016 Louisiana Floods,Flood,2016,22113950800,14,128639.08,32703.45,0.00,161342.53,11524.47,5179,2.703225,31.15
louisiana_floods_2016,2016 Louisiana Floods,Flood,2016,22113950901,29,664227.37,105580.55,22528.40,792336.32,27321.94,3511,8.259755,225.67
louisiana_floods_2016,2016 Louisiana Floods,Flood,2016,22113950902,79,5389556.72,1317416.46,103700.00,6810673.18,86211.05,8308,9.508907,819.77
louisiana_floods_2016,2016 Louisiana Floods,Flood,2016,22113951001,129,3657575.36,525227.72,46918.18,4229721.26,32788.54,4649,27.747903,909.81
louisiana_floods_2016,2016 Louisiana Floods,Flood,2016,22113951002,21,376965.14,152244.82,0.00,529209.96,25200.47,3507,5.988024,150.90
louisiana_floods_2016,2016 Louisiana Floods,Flood,2016,22113951100,6,246365.48,51094.67,0.00,297460.15,49576.69,1791,3.350084,166.09
louisiana_floods_2016,2016 Louisiana Floods,Flood,2016,22117950300,1,0.00,0.00,0.00,0.00,0.00,3965,0.252207,0.00
louisiana_floods_2016,2016 Louisiana Floods,Flood,2016,22117950400,8,63577.80,9789.70,0.00,73367.50,9170.94,3926,2.037697,18.69
louisiana_floods_2016,2016 Louisiana Floods,Flood,2016,22117950500,8,155068.97,18533.70,0.00,173602.67,21700.33,6397,1.250586,27.14
louisiana_floods_2016,2016 Louisiana Floods,Flood,2016,22117950600,1,9434.17,8379.86,0.00,17814.03,17814.03,4528,0.220848,3.93
louisiana_floods_2016,2016 Louisiana Floods,Flood,2016,22117950700,1,0.00,0.00,0.00,0.00,0.00,5048,0.198098,0.00
louisiana_floods_2016,2016 Louisiana Floods,Flood,2016,22121020100,1,31627.19,0.00,0.00,31627.19,31627.19,4283,0.233481,7.38
louisiana_floods_2016,2016 Louisiana Floods,Flood,2016,22121020300,14,398107.22,69076.14,0.00,467183.36,33370.24,5840,2.397260,80.00
louisiana_floods_2016,2016 Louisiana Floods,Flood,2016,22121020402,2,22152.04,0.00,0.00,22152.04,11076.02,6464,0.309406,3.43
louisiana_floods_2016,2016 Louisiana Floods,Flood,2016,22125951701,6,519079.90,172947.23,0.00,692027.13,115337.85,3412,1.758499,202.82
louisiana_floods_2016,2016 Louisiana Floods,Flood,2016,22125951800,2,22361.65,0.00,0.00,22361.65,11180.83,8476,0.235960,2.64
louisiana_floods_2016,2016 Louisiana Floods,Flood,2016,22127960200,1,0.00,0.00,0.00,0.00,0.00,6328,0.158028,0.00
