GEOID,claim_count,claims_per_1000_residents,total_claim_payments,claim_payments_per_capita,average_payment_per_claim,building_payments,contents_payments,icc_payments
37183052603,5,1.98,72670.0,28.72,14534.0,71764.0,906.0,0.0
37061090704,3,,18348.0,,6116.0,18136.0,212.0,0.0
37191001401,9,,458182.0,,50909.11,400977.0,57205.0,0.0
45013001101,134,35.75,1889801.0,504.22,14102.99,1529187.0,360614.0,0.0
12109020500,713,183.67,46845400.0,12067.34,65701.82,38125929.0,8719471.0,0.0
12089050204,1,,55512.0,,55512.0,55512.0,0.0,0.0
37141920502,29,16.93,1680565.0,981.07,57950.52,1440540.0,240025.0,0.0
37055970300,135,20.48,1576554.0,239.13,11678.18,1206440.0,370114.0,0.0
37147000400,7,1.09,568897.0,88.42,81271.0,541560.0,27337.0,0.0
45013001200,591,573.79,10160664.0,9864.72,17192.32,8706648.0,1454016.0,0.0
37051003302,4,0.77,343955.0,65.83,85988.75,264314.0,79641.0,0.0
45051051302,158,55.89,4845737.0,1714.09,30669.22,3884263.0,961474.0,0.0
45013010700,159,31.29,7605284.0,1496.51,47831.97,6374428.0,1230856.0,0.0
12109021302,20,3.69,506449.0,93.49,25322.45,401181.0,105268.0,0.0
37053110101,263,357.82,2887567.0,3928.66,10979.34,2484609.0,402958.0,0.0
45051051501,93,22.64,7486862.0,1822.95,80503.89,5050082.0,2436780.0,0.0
45019002801,57,12.74,1303908.0,291.44,22875.58,1110653.0,193255.0,0.0
45019000100,333,129.27,10303071.0,3999.64,30940.15,9528039.0,775032.0,0.0
12035060106,320,116.53,12166905.0,4430.77,38021.58,10072935.0,2093970.0,0.0
12109020601,343,68.39,12109208.0,2414.6,35303.81,10164211.0,1944997.0,0.0
45019003000,22,6.07,753003.0,207.78,34227.41,613213.0,139790.0,0.0
45041000102,8,1.35,227484.0,38.43,28435.5,155468.0,72016.0,0.0
37147000902,2,,16429.0,,8214.5,5969.0,10460.0,0.0
37047931100,3,0.75,45299.0,11.32,15099.67,40449.0,4850.0,0.0
37191001103,4,,20216.0,,5054.0,20216.0,0.0,0.0
45013010200,140,36.14,2877824.0,742.86,20555.89,2581287.0,296537.0,0.0
12109021404,586,176.99,27492155.0,8303.28,46914.94,21857010.0,5635145.0,0.0
45051060207,3,0.52,60279.0,10.37,20093.0,60279.0,0.0,0.0
37047930900,23,4.97,745798.0,161.01,32426.0,546757.0,199041.0,0.0
12109020604,46,,1188191.0,,25830.24,1102861.0,85330.0,0.0
37177960100,153,37.06,3439970.0,833.33,22483.46,3053568.0,386402.0,0.0
45019000200,97,68.89,4734083.0,3362.27,48804.98,4287535.0,446548.0,0.0
12061050508,1,,0.0,,0.0,0.0,0.0,0.0
37055970502,527,124.59,17213385.0,4069.36,32662.97,14500062.0,2713323.0,0.0
45051060204,40,4.8,900496.0,108.04,22512.4,789086.0,111410.0,0.0
45051051301,67,57.56,2555254.0,2195.24,38138.12,2492680.0,62574.0,0.0
37029950102,14,2.85,146381.0,29.84,10455.79,138368.0,8013.0,0.0
45013010600,306,71.53,10899413.0,2547.78,35619.0,9141094.0,1758319.0,0.0
45013010400,41,8.32,512864.0,104.07,12508.88,303403.0,209461.0,0.0
45035010503,2,0.63,34225.0,10.81,17112.5,34225.0,0.0,0.0
37055970200,132,29.36,1767111.0,393.04,13387.2,1373583.0,393528.0,0.0
37031970802,3,1.74,22646.0,13.11,7548.67,22646.0,0.0,0.0
45043920510,40,,952901.0,,23822.53,816383.0,136518.0,0.0
45019003111,7,1.42,1118577.0,227.08,159796.71,1091420.0,27157.0,0.0
37055970400,144,50.19,2120451.0,739.09,14725.35,1758712.0,361739.0,0.0
45051070102,10,3.38,168624.0,56.93,16862.4,133101.0,35523.0,0.0
45051070200,49,14.3,1579692.0,460.95,32238.61,1317821.0,261871.0,0.0
45019003107,15,3.5,838681.0,195.68,55912.07,655908.0,182773.0,0.0
45043920509,124,,2288825.0,,18458.27,2010108.0,278717.0,0.0
13051011005,10,2.27,34616.0,7.86,3461.6,34367.0,249.0,0.0
12031010107,9,,156705.0,,17411.67,93025.0,63680.0,0.0
45029970800,291,140.11,3504040.0,1687.07,12041.37,3129727.0,374313.0,0.0
45051030102,6,1.98,223148.0,73.6,37191.33,197581.0,25567.0,0.0
37155960801,75,16.54,10360498.0,2284.56,138139.97,6819653.0,3540845.0,0.0
45051051700,45,21.66,1132139.0,544.82,25158.64,874634.0,257505.0,0.0
12069031310,2,0.13,2709.0,0.18,1354.5,2709.0,0.0,0.0
45035010603,6,0.81,25653.0,3.47,4275.5,25653.0,0.0,0.0
37191001500,112,45.68,5555378.0,2265.65,49601.59,5279429.0,275949.0,0.0
45035010820,8,1.15,228781.0,32.77,28597.62,188627.0,40154.0,0.0
37191002000,62,64.05,3725447.0,3848.6,60087.85,2537580.0,1187867.0,0.0
37019020512,205,232.43,985039.0,1116.82,4805.07,851959.0,133080.0,0.0
37015960401,19,,462616.0,,24348.21,391810.0,70806.0,0.0
37103920200,7,2.4,179016.0,61.41,25573.71,140065.0,38951.0,0.0
37015960400,65,8.34,1813451.0,232.79,27899.25,1507251.0,306200.0,0.0
12061050806,2,0.41,2024.0,0.42,1012.0,2024.0,0.0,0.0
45013010800,110,27.4,3417080.0,851.08,31064.36,3250122.0,166958.0,0.0
13051011111,78,,1331837.0,,17074.83,1180838.0,150999.0,0.0
45043920501,154,28.96,3779647.0,710.73,24543.16,3099272.0,680375.0,0.0
45019000600,9,7.72,232727.0,199.59,25858.56,228608.0,4119.0,0.0
12009068101,5,2.45,19561.0,9.59,3912.2,13966.0,5595.0,0.0
37141920403,15,4.25,238155.0,67.49,15877.0,199263.0,38892.0,0.0
45029970500,1,0.18,2057.0,0.38,2057.0,0.0,2057.0,0.0
45019002613,22,3.98,364319.0,65.99,16559.95,323804.0,40515.0,0.0
12109021403,42,21.8,1992575.0,1034.03,47442.26,1711847.0,280728.0,0.0
37101041400,3,0.43,262034.0,37.31,87344.67,146715.0,115319.0,0.0
13103030309,1,,11094.0,,11094.0,8520.0,2574.0,0.0
13051004002,13,3.44,216335.0,57.31,16641.15,203749.0,12586.0,0.0
12031016801,8,3.43,2678.0,1.15,334.75,789.0,1889.0,0.0
12089050201,16,9.47,187447.0,110.92,11715.44,164886.0,22561.0,0.0
37049960200,12,1.4,224514.0,26.13,18709.5,197429.0,27085.0,0.0
37065020900,145,49.09,10440662.0,3534.42,72004.57,9310928.0,1129734.0,0.0
12009066104,23,4.68,139815.0,28.46,6078.91,121951.0,17864.0,0.0
37107010500,10,2.69,269832.0,72.59,26983.2,238139.0,31693.0,0.0
45013010300,150,33.51,1661327.0,371.16,11075.51,1468503.0,192824.0,0.0
12109021405,44,7.94,998571.0,180.18,22694.8,817913.0,180658.0,0.0
45019002105,52,29.13,547903.0,306.95,10536.6,539598.0,8305.0,0.0
12109021209,102,,4511051.0,,44225.99,3741301.0,769750.0,0.0
12109020400,253,82.22,9397093.0,3053.98,37142.66,8374848.0,1022245.0,0.0
13051011106,7,1.27,11547.0,2.1,1649.57,11547.0,0.0,0.0
12031016803,3,0.45,22781.0,3.45,7593.67,18744.0,4037.0,0.0
12109021406,60,11.34,1652337.0,312.23,27538.95,1362389.0,289948.0,0.0
45019005200,8,1.68,195266.0,41.08,24408.25,195266.0,0.0,0.0
12031014204,133,25.09,9547638.0,1801.1,71786.75,7164923.0,2382715.0,0.0
37013930400,42,9.05,598678.0,128.94,14254.24,574855.0,23823.0,0.0
45013010900,77,43.77,1623383.0,922.9,21082.9,1455560.0,167823.0,0.0
12031014101,8,1.77,529519.0,117.07,66189.88,426722.0,102797.0,0.0
45013002201,75,10.13,563065.0,76.04,7507.53,503929.0,59136.0,0.0
12109020904,2,,70773.0,,35386.5,47764.0,23009.0,0.0
37191000401,31,4.81,1402730.0,217.85,45249.35,1160896.0,241834.0,0.0
45051040200,385,95.2,6771175.0,1674.38,17587.47,5336637.0,1434538.0,0.0
37131920103,3,,46015.0,,15338.33,36355.0,9660.0,0.0
37127010503,23,7.55,885684.0,290.87,38508.0,754695.0,130989.0,0.0
12089050102,13,4.02,158313.0,48.95,12177.92,158313.0,0.0,0.0
13051011104,24,4.65,46717.0,9.05,1946.54,40167.0,6550.0,0.0
12009065231,3,0.53,29377.0,5.19,9792.33,3431.0,25946.0,0.0
13127000700,14,1.76,452508.0,56.74,32322.0,368232.0,84276.0,0.0
37019020402,35,10.72,851445.0,260.78,24327.0,680799.0,170646.0,0.0
12031010105,5,,46575.0,,9315.0,30712.0,15863.0,0.0
37051003309,6,0.99,103597.0,17.03,17266.17,103597.0,0.0,0.0
37107011400,42,9.98,4044371.0,960.66,96294.55,3177552.0,866819.0,0.0
45089970502,2,0.5,35910.0,9.04,17955.0,32095.0,3815.0,0.0
45051050303,9,3.53,215007.0,84.42,23889.67,209467.0,5540.0,0.0
13127000401,7,0.87,161562.0,20.12,23080.29,133459.0,28103.0,0.0
45013011100,80,35.73,603731.0,269.64,7546.64,533726.0,70005.0,0.0
12031016400,2,0.34,5536.0,0.95,2768.0,5536.0,0.0,0.0
37101040201,3,0.5,175797.0,29.39,58599.0,146727.0,29070.0,0.0
37085070904,1,0.29,32505.0,9.51,32505.0,32505.0,0.0,0.0
45019005400,11,5.18,451075.0,212.27,41006.82,355674.0,95401.0,0.0
12031014408,44,12.17,2567077.0,710.12,58342.66,1978394.0,588683.0,0.0
12035060303,71,26.92,1179238.0,447.19,16608.99,1061632.0,117606.0,0.0
12127081200,10,2.62,603234.0,157.79,60323.4,405985.0,197249.0,0.0
45033970302,2,,15135.0,,7567.5,15135.0,0.0,0.0
45043920600,11,1.7,449982.0,69.51,40907.45,436646.0,13336.0,0.0
37053110302,15,4.66,284753.0,88.54,18983.53,235376.0,49377.0,0.0
37191000602,28,3.26,2378565.0,276.71,84948.75,2176196.0,202369.0,0.0
12031010103,28,4.5,905529.0,145.63,32340.32,732920.0,172609.0,0.0
12061050805,5,1.23,96658.0,23.7,19331.6,85576.0,11082.0,0.0
45019002702,11,2.54,127978.0,29.54,11634.36,118638.0,9340.0,0.0
12109020708,226,63.08,10436234.0,2912.71,46178.03,8327390.0,2108844.0,0.0
12035060302,28,7.62,638269.0,173.77,22795.32,580600.0,57669.0,0.0
37155961500,34,6.15,1226854.0,222.06,36083.94,1213198.0,13656.0,0.0
12031014202,4,0.95,21870.0,5.2,5467.5,20399.0,1471.0,0.0
45013011000,72,35.38,1078811.0,530.13,14983.49,918776.0,160035.0,0.0
45013010100,205,109.33,4799849.0,2559.92,23413.9,4016786.0,783063.0,0.0
45067950400,31,8.3,2629222.0,703.56,84813.61,2041602.0,587620.0,0.0
45027960500,2,0.37,126112.0,23.55,63056.0,119644.0,6468.0,0.0
37107010200,37,13.34,2875307.0,1036.89,77711.0,2861994.0,13313.0,0.0
37191001000,14,2.96,2810583.0,594.2,200755.93,2020039.0,790544.0,0.0
12035060105,22,5.59,27262.0,6.92,1239.18,22922.0,4340.0,0.0
37051003205,3,0.51,34143.0,5.8,11381.0,34143.0,0.0,0.0
37065021400,4,1.07,213187.0,57.02,53296.75,155435.0,57752.0,0.0
37183051800,20,4.08,1384653.0,282.81,69232.65,1362190.0,22463.0,0.0
37051000701,17,3.07,259797.0,46.9,15282.18,242472.0,17325.0,0.0
12109020707,19,3.33,690745.0,121.16,36355.0,531570.0,159175.0,0.0
13051010601,7,1.75,656026.0,163.68,93718.0,647827.0,8199.0,0.0
12109020603,112,,3597493.0,,32120.47,2909250.0,688243.0,0.0
12127082704,21,8.94,152885.0,65.06,7280.24,137608.0,15277.0,0.0
45027960802,4,1.24,67203.0,20.77,16800.75,62030.0,5173.0,0.0
13127000501,38,9.35,1618772.0,398.42,42599.26,1436449.0,182323.0,0.0
45019001100,8,3.27,135128.0,55.2,16891.0,123308.0,11820.0,0.0
12109021205,121,98.61,6570633.0,5355.04,54302.75,5998636.0,571997.0,0.0
37155961601,22,5.75,1135646.0,296.98,51620.27,974357.0,161289.0,0.0
45013011300,57,47.38,2397017.0,1992.53,42052.93,2273544.0,123473.0,0.0
37101040700,13,3.97,1479085.0,451.35,113775.77,1320502.0,158583.0,0.0
37065020400,70,15.36,2218205.0,486.88,31688.64,2121765.0,96440.0,0.0
45043920505,202,49.09,5800500.0,1409.6,28715.35,5078762.0,721738.0,0.0
37107011001,20,4.28,2555113.0,546.67,127755.65,1910326.0,644787.0,0.0
37055970302,35,,727075.0,,20773.57,585291.0,141784.0,0.0
37147000901,4,,95034.0,,23758.5,81655.0,13379.0,0.0
12127082606,29,9.3,1418733.0,455.01,48921.83,1039725.0,379008.0,0.0
37155961301,20,4.3,1146998.0,246.67,57349.9,1104227.0,42771.0,0.0
13127000403,13,4.09,94631.0,29.78,7279.31,92793.0,1838.0,0.0
45019004901,6,3.13,7597.0,3.97,1266.17,7347.0,250.0,0.0
37019020406,35,,287205.0,,8205.86,251627.0,35578.0,0.0
45043920504,1,0.17,16250.0,2.8,16250.0,16250.0,0.0,0.0
45019005300,5,1.26,35775.0,9.05,7155.0,27606.0,8169.0,0.0
37041930201,2,,14553.0,,7276.5,14553.0,0.0,0.0
37061090503,1,,32469.0,,32469.0,32469.0,0.0,0.0
37155961302,51,8.63,2208932.0,373.95,43312.39,2086730.0,122202.0,0.0
45051040300,46,10.91,1513733.0,359.13,32907.24,962155.0,551578.0,0.0
45013000200,33,6.29,317543.0,60.5,9622.52,253708.0,63835.0,0.0
45013010500,43,10.55,1317237.0,323.25,30633.42,919794.0,397443.0,0.0
13051011103,156,45.38,3370825.0,980.46,21607.85,2641064.0,729761.0,0.0
12127082703,26,8.88,453994.0,155.05,17461.31,335087.0,118907.0,0.0
12109020200,247,92.41,7268261.0,2719.14,29426.16,6269500.0,998761.0,0.0
37191001101,12,1.64,629029.0,86.16,52419.08,517781.0,111248.0,0.0
37051003203,27,4.95,2090017.0,383.07,77408.04,1868528.0,221489.0,0.0
37141920204,27,12.18,560086.0,252.63,20743.93,423894.0,136192.0,0.0
45019002009,9,,7888.0,,876.44,6674.0,1214.0,0.0
37055970101,158,41.69,2161786.0,570.39,13682.19,1910588.0,251198.0,0.0
12109021102,42,8.24,1210820.0,237.46,28829.05,1006574.0,204246.0,0.0
12009069901,5,0.64,3951.0,0.51,790.2,3951.0,0.0,0.0
45051051201,29,16.35,371176.0,209.23,12799.17,357380.0,13796.0,0.0
45051040102,7,1.35,21422.0,4.13,3060.29,15865.0,5557.0,0.0
45019003108,1,0.3,5602.0,1.7,5602.0,5602.0,0.0,0.0
45013001102,27,4.78,471580.0,83.5,17465.93,412496.0,59084.0,0.0
12127080400,10,2.9,42500.0,12.32,4250.0,40080.0,2420.0,0.0
45019005600,30,2.59,589478.0,50.87,19649.27,540926.0,48552.0,0.0
37155960701,84,14.15,3436948.0,579.1,40916.05,3232103.0,204845.0,0.0
12109021409,53,,1126728.0,,21259.02,1006234.0,120494.0,0.0
12111381702,22,10.6,175607.0,84.63,7982.14,175607.0,0.0,0.0
13051011108,28,8.94,464506.0,148.36,16589.5,381139.0,83367.0,0.0
13127000303,4,,19935.0,,4983.75,19935.0,0.0,0.0
37183053111,3,0.48,120405.0,19.23,40135.0,90082.0,30323.0,0.0
13127000300,25,3.77,190618.0,28.78,7624.72,190618.0,0.0,0.0
12127082605,37,11.19,1081889.0,327.25,29240.24,873577.0,208312.0,0.0
37107011200,6,0.77,243497.0,31.13,40582.83,238070.0,5427.0,0.0
37147000201,35,6.69,362413.0,69.3,10354.66,353331.0,9082.0,0.0
37135011700,1,0.21,926.0,0.19,926.0,926.0,0.0,0.0
45013002106,20,2.32,550239.0,63.74,27511.95,409413.0,140826.0,0.0
13127000201,6,,63413.0,,10568.83,35988.0,27425.0,0.0
37143920100,9,1.41,134104.0,20.94,14900.44,130640.0,3464.0,0.0
37049960201,19,,395631.0,,20822.68,335528.0,60103.0,0.0
45019005700,62,7.54,2792830.0,339.8,45045.65,2386829.0,406001.0,0.0
45019002300,16,10.8,115336.0,77.82,7208.5,94066.0,21270.0,0.0
12127080100,2,0.24,0.0,0.0,0.0,0.0,0.0,0.0
45019001902,10,2.22,223018.0,49.57,22301.8,195485.0,27533.0,0.0
13127001001,4,,179753.0,,44938.25,138486.0,41267.0,0.0
12031014703,2,,0.0,,0.0,0.0,0.0,0.0
12127080202,7,2.3,14091.0,4.64,2013.0,14091.0,0.0,0.0
13051011004,29,8.27,624889.0,178.18,21547.9,534732.0,90157.0,0.0
45051030103,18,5.37,1479412.0,441.22,82189.56,1407974.0,71438.0,0.0
37101041201,14,3.6,560460.0,144.08,40032.86,499675.0,60785.0,0.0
13029920306,21,1.89,340627.0,30.66,16220.33,255524.0,85103.0,0.0
45013000901,46,15.41,184728.0,61.89,4015.83,162533.0,22195.0,0.0
37107011100,8,1.57,213458.0,41.93,26682.25,184062.0,29396.0,0.0
45051040105,17,7.31,198838.0,85.56,11696.35,173545.0,25293.0,0.0
37063002027,1,0.11,0.0,0.0,0.0,0.0,0.0,0.0
12107951100,31,6.91,578774.0,129.05,18670.13,492424.0,86350.0,0.0
45019004611,6,0.69,25610.0,2.94,4268.33,25610.0,0.0,0.0
45013000100,17,3.99,212353.0,49.82,12491.35,139107.0,73246.0,0.0
13127000800,2,0.47,13365.0,3.15,6682.5,13365.0,0.0,0.0
37147001500,17,4.9,1349845.0,388.89,79402.65,860704.0,489141.0,0.0
45019002004,35,17.36,359892.0,178.52,10282.63,325887.0,34005.0,0.0
45051070400,8,1.43,826692.0,147.62,103336.5,695580.0,131112.0,0.0
45013002202,16,5.17,259166.0,83.68,16197.88,156220.0,102946.0,0.0
37095920101,38,,513956.0,,13525.16,414828.0,99128.0,0.0
37105030501,6,1.54,74715.0,19.22,12452.5,70712.0,4003.0,0.0
12127081500,5,2.39,37427.0,17.9,7485.4,25524.0,11903.0,0.0
37125951000,3,0.52,14169.0,2.44,4723.0,14169.0,0.0,0.0
13051010603,10,5.55,144095.0,80.01,14409.5,102032.0,42063.0,0.0
37051003002,5,1.98,239138.0,94.75,47827.6,163103.0,76035.0,0.0
12009066103,7,3.56,264.0,0.13,37.71,264.0,0.0,0.0
45051040400,16,4.03,101241.0,25.47,6327.56,96682.0,4559.0,0.0
12109020713,13,,154792.0,,11907.08,154792.0,0.0,0.0
37183054306,4,,8740.0,,2185.0,8740.0,0.0,0.0
37107010800,33,6.18,3294892.0,617.02,99845.21,3126448.0,168444.0,0.0
37147000502,4,0.48,143929.0,17.12,35982.25,116751.0,27178.0,0.0
37051002600,12,2.84,920606.0,218.0,76717.17,758665.0,161941.0,0.0
37147001800,4,0.66,46284.0,7.59,11571.0,44161.0,2123.0,0.0
45019002802,22,8.35,615219.0,233.57,27964.5,527441.0,87778.0,0.0
45029970600,5,0.71,76865.0,10.98,15373.0,73759.0,3106.0,0.0
45019002614,8,2.02,133006.0,33.66,16625.75,108571.0,24435.0,0.0
37183051700,10,3.14,176184.0,55.28,17618.4,164788.0,11396.0,0.0
37191001800,18,7.24,2161577.0,869.15,120087.61,2102009.0,59568.0,0.0
45041002202,3,0.77,146529.0,37.69,48843.0,112854.0,33675.0,0.0
37127010505,6,,309641.0,,51606.83,284535.0,25106.0,0.0
12127082405,3,0.83,124.0,0.03,41.33,124.0,0.0,0.0
37051003103,6,1.05,647225.0,112.84,107870.83,466561.0,180664.0,0.0
13051010803,12,1.03,275687.0,23.78,22973.92,222946.0,52741.0,0.0
37127010504,3,0.47,27096.0,4.28,9032.0,27096.0,0.0,0.0
45067950600,5,0.82,56270.0,9.28,11254.0,56094.0,176.0,0.0
45051060101,24,7.0,1311823.0,382.68,54659.29,1060991.0,250832.0,0.0
45051040500,32,8.56,1015362.0,271.63,31730.06,921371.0,93991.0,0.0
37141920104,1,,23592.0,,23592.0,23592.0,0.0,0.0
37065020300,5,0.91,84934.0,15.53,16986.8,84934.0,0.0,0.0
37013930100,15,2.66,222964.0,39.56,14864.27,200238.0,22726.0,0.0
12127082510,16,4.33,736011.0,199.14,46000.69,611476.0,124535.0,0.0
12019031500,25,8.03,781440.0,250.86,31257.6,650793.0,130647.0,0.0
12127090306,1,0.2,0.0,0.0,0.0,0.0,0.0,0.0
37191000901,32,6.4,3121061.0,624.21,97533.16,2762436.0,358625.0,0.0
45043920301,12,2.44,389671.0,79.27,32472.58,350403.0,39268.0,0.0
45085000901,2,0.48,0.0,0.0,0.0,0.0,0.0,0.0
37163971003,2,,59693.0,,29846.5,45081.0,14612.0,0.0
37051001100,9,2.02,179039.0,40.13,19893.22,149420.0,29619.0,0.0
45041002000,11,2.84,79140.0,20.42,7194.55,79140.0,0.0,0.0
37191001900,13,2.83,2095245.0,455.98,161172.69,1364592.0,730653.0,0.0
45019004608,5,0.21,146276.0,6.01,29255.2,125601.0,20675.0,0.0
37061090506,2,,29821.0,,14910.5,23789.0,6032.0,0.0
37047930800,6,1.43,278534.0,66.35,46422.33,238370.0,40164.0,0.0
37095920100,53,9.42,1348589.0,239.58,25445.08,1059030.0,289559.0,0.0
37125950502,2,0.26,2590.0,0.33,1295.0,2590.0,0.0,0.0
37139960100,16,10.3,1415912.0,911.73,88494.5,1387581.0,28331.0,0.0
13051011107,45,13.77,1574123.0,481.68,34980.51,1233924.0,340199.0,0.0
37195000400,10,1.27,571663.0,72.35,57166.3,469433.0,102230.0,0.0
13051011110,47,,415309.0,,8836.36,398824.0,16485.0,0.0
37101040203,1,0.06,0.0,0.0,0.0,0.0,0.0,0.0
37153970900,1,0.2,3369.0,0.66,3369.0,3369.0,0.0,0.0
12031014341,15,,732451.0,,48830.07,554452.0,177999.0,0.0
37049960600,10,1.96,46844.0,9.16,4684.4,46011.0,833.0,0.0
37019020601,5,1.01,37168.0,7.53,7433.6,37168.0,0.0,0.0
45067950800,16,6.38,511210.0,203.99,31950.62,412266.0,98944.0,0.0
45019004701,12,1.93,225999.0,36.33,18833.25,212804.0,13195.0,0.0
37147001600,4,0.48,462648.0,55.76,115662.0,322848.0,139800.0,0.0
12031015923,1,0.1,0.0,0.0,0.0,0.0,0.0,0.0
37133000403,14,8.96,99528.0,63.72,7109.14,93137.0,6391.0,0.0
37051002801,5,,44644.0,,8928.8,41961.0,2683.0,0.0
45015021000,4,0.79,118564.0,23.35,29641.0,104536.0,14028.0,0.0
45033970300,2,0.4,51077.0,10.17,25538.5,51077.0,0.0,0.0
37139960502,24,5.23,213171.0,46.49,8882.12,193535.0,19636.0,0.0
13051003602,6,1.3,194592.0,42.01,32432.0,174477.0,20115.0,0.0
12009071200,1,0.07,0.0,0.0,0.0,0.0,0.0,0.0
45019002612,47,7.08,1465893.0,220.67,31189.21,1380831.0,85062.0,0.0
45019004607,15,2.71,152876.0,27.64,10191.73,152876.0,0.0,0.0
37065021500,10,3.04,632403.0,192.22,63240.3,451737.0,180666.0,0.0
12109021408,55,,1870134.0,,34002.44,1533030.0,337104.0,0.0
12061050501,3,0.6,2184.0,0.44,728.0,2184.0,0.0,0.0
12109020602,18,1.11,112406.0,6.96,6244.78,73877.0,38529.0,0.0
37101040800,32,8.71,2223959.0,605.49,69498.72,1893932.0,330027.0,0.0
37049960302,1,,10536.0,,10536.0,6675.0,3861.0,0.0
45051070602,40,9.15,1306269.0,298.92,32656.72,1071250.0,235019.0,0.0
37139960600,16,2.34,152694.0,22.31,9543.38,135621.0,17073.0,0.0
37191001302,11,3.01,1581146.0,433.19,143740.55,1303879.0,277267.0,0.0
37127011101,11,1.83,145496.0,24.25,13226.91,113003.0,32493.0,0.0
45051051202,27,11.22,328438.0,136.51,12164.37,327439.0,999.0,0.0
12109020902,35,1.25,922754.0,33.06,26364.4,651248.0,271506.0,0.0
12127082607,11,4.8,127059.0,55.41,11550.82,127059.0,0.0,0.0
45053950300,8,0.94,267605.0,31.53,33450.62,228189.0,39416.0,0.0
37133002300,1,0.24,1073.0,0.26,1073.0,0.0,1073.0,0.0
37053110200,17,2.34,319728.0,44.07,18807.53,301647.0,18081.0,0.0
13051010200,13,2.81,229542.0,49.7,17657.08,207549.0,21993.0,0.0
12089050303,33,2.54,753318.0,57.9,22827.82,564135.0,189183.0,0.0
37141920101,14,39.55,351567.0,993.13,25111.93,317842.0,33725.0,0.0
12127082701,17,8.63,108022.0,54.81,6354.24,104855.0,3167.0,0.0
37147000800,33,8.73,1652717.0,437.23,50082.33,1184342.0,468375.0,0.0
45019004300,8,3.05,194839.0,74.28,24354.88,190136.0,4703.0,0.0
45019002101,13,1.04,58870.0,4.71,4528.46,55700.0,3170.0,0.0
12031014332,16,2.08,806765.0,104.8,50422.81,626883.0,179882.0,0.0
45035010505,18,2.6,576285.0,83.4,32015.83,513892.0,62393.0,0.0
12109020300,13,3.45,323405.0,85.81,24877.31,307641.0,15764.0,0.0
37053110301,20,4.82,337548.0,81.34,16877.4,293892.0,43656.0,0.0
12127082000,4,1.57,157820.0,61.87,39455.0,157820.0,0.0,0.0
12109021004,46,16.62,1130448.0,408.4,24574.96,954518.0,175930.0,0.0
13179010300,1,0.15,0.0,0.0,0.0,0.0,0.0,0.0
45067950500,50,9.45,5097245.0,963.74,101944.9,4601732.0,495513.0,0.0
45051051403,3,0.66,587.0,0.13,195.67,587.0,0.0,0.0
37147002002,18,3.57,554523.0,110.11,30806.83,463686.0,90837.0,0.0
37107010300,6,3.63,801664.0,484.68,133610.67,713143.0,88521.0,0.0
37183052002,2,0.37,37751.0,7.05,18875.5,37751.0,0.0,0.0
45013000700,42,7.1,1061314.0,179.31,25269.38,890069.0,171245.0,0.0
37107011301,21,,4098912.0,,195186.29,3257344.0,841568.0,0.0
45089970100,17,8.48,202388.0,100.99,11905.18,192049.0,10339.0,0.0
12107950100,39,9.52,763554.0,186.41,19578.31,499911.0,263643.0,0.0
37187950200,9,1.48,808844.0,132.73,89871.56,777445.0,31399.0,0.0
37133000405,1,,0.0,,0.0,0.0,0.0,0.0
12031015924,2,0.38,78152.0,14.84,39076.0,57237.0,20915.0,0.0
37183052808,2,0.21,55783.0,5.77,27891.5,42633.0,13150.0,0.0
37055970601,52,7.85,637365.0,96.26,12257.02,501803.0,135562.0,0.0
45015020723,1,0.35,22647.0,8.03,22647.0,5785.0,16862.0,0.0
12009066700,2,0.41,10130.0,2.09,5065.0,10130.0,0.0,0.0
37013930200,26,4.11,1078418.0,170.5,41477.62,1003573.0,74845.0,0.0
45013000903,24,11.04,303601.0,139.72,12650.04,249895.0,53706.0,0.0
37125950501,31,4.74,610267.0,93.38,19686.03,505898.0,104369.0,0.0
37101040905,1,,19427.0,,19427.0,19427.0,0.0,0.0
13127000102,7,2.15,25267.0,7.76,3609.57,23983.0,1284.0,0.0
12109021204,83,82.02,4790031.0,4733.23,57711.22,3823115.0,966916.0,0.0
45035010815,33,8.73,1588673.0,420.06,48141.61,1274479.0,314194.0,0.0
13029920301,2,0.99,2550.0,1.27,1275.0,2550.0,0.0,0.0
37183052706,1,0.23,14387.0,3.3,14387.0,10568.0,3819.0,0.0
37013931000,6,1.16,156961.0,30.34,26160.17,116730.0,40231.0,0.0
37061090702,2,0.3,29053.0,4.32,14526.5,28145.0,908.0,0.0
37019020308,36,22.26,617238.0,381.72,17145.5,531107.0,86131.0,0.0
37061090803,1,,7165.0,,7165.0,7165.0,0.0,0.0
37127010506,9,,506011.0,,56223.44,486969.0,19042.0,0.0
37195001000,9,5.05,180237.0,101.14,20026.33,134962.0,45275.0,0.0
45013000902,24,2.85,655756.0,77.8,27323.17,500094.0,155662.0,0.0
45019003500,21,7.43,364723.0,129.06,17367.76,352020.0,12703.0,0.0
37051001903,3,0.75,384830.0,96.33,128276.67,384830.0,0.0,0.0
37065020800,17,4.94,310481.0,90.31,18263.59,210026.0,100455.0,0.0
37183053005,15,3.01,231715.0,46.55,15447.67,221432.0,10283.0,0.0
37079950102,18,3.34,796947.0,147.88,44274.83,625259.0,171688.0,0.0
12009066101,5,1.12,0.0,0.0,0.0,0.0,0.0,0.0
45015020504,4,0.9,63743.0,14.36,15935.75,63194.0,549.0,0.0
37147000503,6,,44108.0,,7351.33,42964.0,1144.0,0.0
37195000501,15,4.16,231461.0,64.17,15430.73,217880.0,13581.0,0.0
13127001000,13,1.34,280967.0,28.87,21612.85,193488.0,87479.0,0.0
45013011200,42,57.69,1297160.0,1781.81,30884.76,1143174.0,153986.0,0.0
12089050308,18,,355250.0,,19736.11,339520.0,15730.0,0.0
37191001102,10,3.0,669745.0,201.0,66974.5,582517.0,87228.0,0.0
45019002003,16,1.72,75125.0,8.07,4695.31,69187.0,5938.0,0.0
12109020711,17,3.51,101427.0,20.93,5966.29,97994.0,3433.0,0.0
37141920201,5,0.84,47924.0,8.08,9584.8,45724.0,2200.0,0.0
37141920300,8,2.07,92188.0,23.85,11523.5,74645.0,17543.0,0.0
37103920300,8,2.36,143481.0,42.4,17935.12,103894.0,39587.0,0.0
12127081101,11,4.75,945267.0,408.5,85933.36,920213.0,25054.0,0.0
37085070500,7,1.13,254202.0,41.11,36314.57,240630.0,13572.0,0.0
37147001200,4,0.62,48756.0,7.52,12189.0,43264.0,5492.0,0.0
45049920200,2,0.29,29584.0,4.26,14792.0,20814.0,8770.0,0.0
37029950101,61,11.46,1238399.0,232.69,20301.62,1030008.0,208391.0,0.0
12089050202,5,0.79,60829.0,9.61,12165.8,60829.0,0.0,0.0
45041000400,13,2.48,299931.0,57.13,23071.62,250468.0,49463.0,0.0
37101041206,3,,32532.0,,10844.0,31235.0,1297.0,0.0
37141920106,4,,41100.0,,10275.0,41100.0,0.0,0.0
12061050804,8,1.31,733503.0,120.48,91687.88,557543.0,175960.0,0.0
37047931200,6,0.78,159277.0,20.83,26546.17,154295.0,4982.0,0.0
37053110401,22,6.41,400562.0,116.75,18207.36,315894.0,84668.0,0.0
13127000101,52,38.15,730013.0,535.59,14038.71,684824.0,45189.0,0.0
37141920501,13,2.76,538484.0,114.33,41421.85,418525.0,119959.0,0.0
37091950402,2,0.49,27513.0,6.69,13756.5,15085.0,12428.0,0.0
37053110402,12,2.63,113615.0,24.94,9467.92,103919.0,9696.0,0.0
12057014117,1,0.36,0.0,0.0,0.0,0.0,0.0,0.0
45051051503,11,2.55,238595.0,55.41,21690.45,238107.0,488.0,0.0
13051003302,12,7.04,114498.0,67.15,9541.5,103894.0,10604.0,0.0
37049960800,1,0.42,1717.0,0.71,1717.0,1717.0,0.0,0.0
45015020903,61,17.6,2156741.0,622.26,35356.41,1902448.0,254293.0,0.0
37051003310,4,0.88,22447.0,4.94,5611.75,10066.0,12381.0,0.0
45043920302,33,12.24,1244607.0,461.48,37715.36,818886.0,425721.0,0.0
12127091029,2,0.42,0.0,0.0,0.0,0.0,0.0,0.0
37147001302,4,0.76,39365.0,7.47,9841.25,28865.0,10500.0,0.0
12127080500,6,2.61,146608.0,63.71,24434.67,146608.0,0.0,0.0
12127080300,15,4.68,374344.0,116.73,24956.27,364518.0,9826.0,0.0
45019002103,9,2.57,120925.0,34.49,13436.11,104348.0,16577.0,0.0
45019001000,1,0.44,0.0,0.0,0.0,0.0,0.0,0.0
45019002002,13,2.13,108638.0,17.82,8356.77,96224.0,12414.0,0.0
45013002108,14,2.99,121823.0,26.0,8701.64,100794.0,21029.0,0.0
13191110200,3,0.66,5356.0,1.17,1785.33,5356.0,0.0,0.0
37085071201,2,0.75,111740.0,41.82,55870.0,96891.0,14849.0,0.0
45019004614,5,0.68,25742.0,3.51,5148.4,25742.0,0.0,0.0
45051051607,3,,11790.0,,3930.0,11790.0,0.0,0.0
12127083208,2,0.17,27892.0,2.32,13946.0,27892.0,0.0,0.0
37163970702,2,,3561.0,,1780.5,0.0,3561.0,0.0
37051000200,40,18.62,1634093.0,760.75,40852.32,1292265.0,341828.0,0.0
13051002700,3,1.05,6653.0,2.32,2217.67,6653.0,0.0,0.0
37065021000,39,12.5,1178818.0,377.83,30226.1,1102275.0,76543.0,0.0
37127010301,3,,19645.0,,6548.33,9925.0,9720.0,0.0
37141920203,4,0.81,35479.0,7.2,8869.75,26723.0,8756.0,0.0
12031011000,6,1.52,46521.0,11.77,7753.5,32853.0,13668.0,0.0
13051004100,2,1.04,0.0,0.0,0.0,0.0,0.0,0.0
45013000503,16,3.03,142396.0,27.0,8899.75,140662.0,1734.0,0.0
45019005800,7,1.16,162538.0,26.96,23219.71,137025.0,25513.0,0.0
45019004702,3,1.14,82848.0,31.55,27616.0,82848.0,0.0,0.0
45019003114,18,2.09,1154986.0,134.19,64165.89,1022002.0,132984.0,0.0
13051004500,16,3.55,342877.0,76.09,21429.81,264614.0,78263.0,0.0
37019020310,9,3.77,86854.0,36.34,9650.44,86782.0,72.0,0.0
12031014102,3,0.77,32255.0,8.23,10751.67,9715.0,22540.0,0.0
45051040101,10,1.98,179650.0,35.64,17965.0,179244.0,406.0,0.0
12009066400,1,0.21,0.0,0.0,0.0,0.0,0.0,0.0
37147000101,1,,44603.0,,44603.0,44603.0,0.0,0.0
37195000402,5,,170181.0,,34036.2,138090.0,32091.0,0.0
37047930600,15,3.89,1142861.0,296.39,76190.73,1107037.0,35824.0,0.0
45019002005,21,3.18,212422.0,32.13,10115.33,167093.0,45329.0,0.0
37065020600,14,4.78,1202773.0,410.78,85912.36,986389.0,216384.0,0.0
45019002104,23,14.91,78924.0,51.15,3431.48,78924.0,0.0,0.0
12057012002,1,0.26,0.0,0.0,0.0,0.0,0.0,0.0
37155961602,3,0.81,27794.0,7.54,9264.67,27794.0,0.0,0.0
37031970804,2,0.64,7603.0,2.44,3801.5,7603.0,0.0,0.0
37019020304,3,0.46,33018.0,5.09,11006.0,33018.0,0.0,0.0
37163971002,5,,235170.0,,47034.0,235170.0,0.0,0.0
37189920703,1,0.19,1166.0,0.22,1166.0,1166.0,0.0,0.0
37191001400,29,4.23,1151271.0,167.97,39699.0,962818.0,188453.0,0.0
13127000301,3,,139814.0,,46604.67,139814.0,0.0,0.0
37013930300,9,2.22,135017.0,33.33,15001.89,107250.0,27767.0,0.0
37155961700,2,0.38,7041.0,1.34,3520.5,6348.0,693.0,0.0
37183054109,1,0.27,626.0,0.17,626.0,626.0,0.0,0.0
45089970300,3,0.59,40198.0,7.97,13399.33,40198.0,0.0,0.0
13039010402,6,1.1,8840.0,1.63,1473.33,8840.0,0.0,0.0
45013002102,3,1.36,46390.0,21.02,15463.33,33158.0,13232.0,0.0
45019000500,59,28.41,1343123.0,646.66,22764.8,1129845.0,213278.0,0.0
45019003900,11,1.94,172431.0,30.45,15675.55,152201.0,20230.0,0.0
45041001505,11,2.48,470031.0,106.15,42730.09,129582.0,340449.0,0.0
13127000701,2,,66187.0,,33093.5,49169.0,17018.0,0.0
37051001200,2,0.37,84573.0,15.61,42286.5,84573.0,0.0,0.0
37051002800,3,0.48,32614.0,5.18,10871.33,26304.0,6310.0,0.0
45019001600,2,1.18,0.0,0.0,0.0,0.0,0.0,0.0
37183053202,7,1.5,154753.0,33.27,22107.57,150200.0,4553.0,0.0
13051011700,1,,26971.0,,26971.0,26971.0,0.0,0.0
37127010800,8,1.14,213610.0,30.51,26701.25,148601.0,65009.0,0.0
45051050700,4,2.71,49326.0,33.4,12331.5,46681.0,2645.0,0.0
37051001000,11,3.8,1780167.0,615.12,161833.36,1780167.0,0.0,0.0
45019005100,14,7.19,82747.0,42.52,5910.5,71268.0,11479.0,0.0
45019002007,7,1.86,298862.0,79.44,42694.57,253268.0,45594.0,0.0
37051002100,3,0.77,46863.0,12.01,15621.0,43330.0,3533.0,0.0
37155960600,4,0.6,282174.0,42.64,70543.5,184474.0,97700.0,0.0
37191001301,9,1.38,537449.0,82.7,59716.56,488397.0,49052.0,0.0
45013000600,24,9.32,348770.0,135.5,14532.08,337573.0,11197.0,0.0
13051011114,7,,4173.0,,596.14,4173.0,0.0,0.0
37047930300,14,4.87,406867.0,141.57,29061.93,330238.0,76629.0,0.0
45019004618,3,,1343.0,,447.67,1343.0,0.0,0.0
12099007005,1,0.27,0.0,0.0,0.0,0.0,0.0,0.0
13051010502,8,2.09,262696.0,68.64,32837.0,241047.0,21649.0,0.0
12009066301,9,1.3,6559.0,0.95,728.78,400.0,6159.0,0.0
37107010100,25,5.83,767207.0,178.96,30688.28,569788.0,197419.0,0.0
45019001901,19,4.23,196156.0,43.68,10324.0,189208.0,6948.0,0.0
45035010807,5,0.99,40236.0,7.97,8047.2,35801.0,4435.0,0.0
37187950100,10,2.04,120835.0,24.64,12083.5,115679.0,5156.0,0.0
12061050506,14,,436528.0,,31180.57,429169.0,7359.0,0.0
12019030701,2,0.25,0.0,0.0,0.0,0.0,0.0,0.0
45013002101,10,19.53,0.0,0.0,0.0,0.0,0.0,0.0
12061050812,3,,260825.0,,86941.67,200762.0,60063.0,0.0
12127082802,8,2.07,23943.0,6.19,2992.88,11851.0,12092.0,0.0
12109020606,10,,50145.0,,5014.5,42793.0,7352.0,0.0
37055970102,37,10.93,250187.0,73.91,6761.81,232879.0,17308.0,0.0
37047930700,4,0.87,206937.0,45.0,51734.25,160131.0,46806.0,0.0
45051080200,8,1.79,200089.0,44.84,25011.12,198461.0,1628.0,0.0
45019002605,5,1.32,100282.0,26.38,20056.4,79443.0,20839.0,0.0
12031016604,5,1.07,42676.0,9.09,8535.2,41208.0,1468.0,0.0
37155962002,4,1.36,41243.0,14.05,10310.75,36960.0,4283.0,0.0
37019020309,22,7.55,496161.0,170.38,22552.77,433166.0,62995.0,0.0
12031015700,2,0.37,29766.0,5.58,14883.0,29766.0,0.0,0.0
12009069801,4,1.09,0.0,0.0,0.0,0.0,0.0,0.0
13051004210,12,2.2,142496.0,26.18,11874.67,119858.0,22638.0,0.0
45051020202,3,,58598.0,,19532.67,58598.0,0.0,0.0
45043920202,7,3.25,449558.0,208.61,64222.57,410002.0,39556.0,0.0
37133000103,1,0.18,1913.0,0.34,1913.0,1913.0,0.0,0.0
45051050900,2,0.29,31191.0,4.53,15595.5,31191.0,0.0,0.0
12127082705,4,1.55,8624.0,3.35,2156.0,8624.0,0.0,0.0
12107951300,3,0.74,17700.0,4.36,5900.0,17700.0,0.0,0.0
45019002400,6,1.2,49444.0,9.86,8240.67,43047.0,6397.0,0.0
12127082511,16,6.46,289034.0,116.78,18064.62,271969.0,17065.0,0.0
37139960400,23,5.66,710425.0,174.77,30888.04,623914.0,86511.0,0.0
45019002611,4,1.27,1123.0,0.36,280.75,1123.0,0.0,0.0
37191001200,12,2.96,1455361.0,359.44,121280.08,980127.0,475234.0,0.0
12127082903,11,2.35,164304.0,35.05,14936.73,134924.0,29380.0,0.0
12031010102,28,2.72,698708.0,67.96,24953.86,533197.0,165511.0,0.0
12071010103,2,0.2,0.0,0.0,0.0,0.0,0.0,0.0
45035010801,5,0.85,71835.0,12.15,14367.0,70854.0,981.0,0.0
45043920502,12,2.99,119015.0,29.67,9917.92,107410.0,11605.0,0.0
37053110102,2,1.31,44557.0,29.29,22278.5,44557.0,0.0,0.0
37155961801,30,5.49,417272.0,76.41,13909.07,408361.0,8911.0,0.0
45051060301,55,13.78,709013.0,177.7,12891.15,606540.0,102473.0,0.0
45053950203,2,,25595.0,,12797.5,25595.0,0.0,0.0
45015020302,3,0.42,110354.0,15.48,36784.67,106973.0,3381.0,0.0
37051000800,4,1.51,638391.0,240.81,159597.75,632797.0,5594.0,0.0
13051010809,6,0.51,1596.0,0.13,266.0,1596.0,0.0,0.0
45013001104,20,,284195.0,,14209.75,213029.0,71166.0,0.0
12009064128,4,0.32,14943.0,1.2,3735.75,14943.0,0.0,0.0
12127082801,27,10.69,656743.0,259.99,24323.81,525986.0,130757.0,0.0
37139960300,2,0.68,26677.0,9.09,13338.5,26677.0,0.0,0.0
37051002700,5,0.6,222489.0,26.87,44497.8,201476.0,21013.0,0.0
45051051502,6,0.65,116925.0,12.67,19487.5,100737.0,16188.0,0.0
12019030202,2,0.22,65328.0,7.16,32664.0,65328.0,0.0,0.0
12031013000,6,2.36,61473.0,24.22,10245.5,55252.0,6221.0,0.0
45051050402,11,5.54,241983.0,121.84,21998.45,133635.0,108348.0,0.0
12061050505,3,0.9,0.0,0.0,0.0,0.0,0.0,0.0
12061050402,3,1.58,28773.0,15.14,9591.0,28773.0,0.0,0.0
45033970602,2,,83036.0,,41518.0,82581.0,455.0,0.0
13051010819,1,,0.0,,0.0,0.0,0.0,0.0
37163970800,2,0.27,24803.0,3.39,12401.5,24803.0,0.0,0.0
45019004615,2,,8052.0,,4026.0,8052.0,0.0,0.0
37055970501,14,9.33,135153.0,90.1,9653.79,123013.0,12140.0,0.0
37129012105,5,0.42,20415.0,1.72,4083.0,20094.0,321.0,0.0
37155961802,9,1.77,142968.0,28.19,15885.33,126995.0,15973.0,0.0
12019030705,2,,0.0,,0.0,0.0,0.0,0.0
37051002002,10,1.89,355466.0,67.13,35546.6,342147.0,13319.0,0.0
12031014326,4,0.55,0.0,0.0,0.0,0.0,0.0,0.0
37187950201,6,,66055.0,,11009.17,33829.0,32226.0,0.0
37195001500,3,0.52,74575.0,12.98,24858.33,70398.0,4177.0,0.0
37127010300,3,0.51,265882.0,45.32,88627.33,214466.0,51416.0,0.0
12017450500,2,0.51,0.0,0.0,0.0,0.0,0.0,0.0
45013002104,5,0.39,165293.0,13.01,33058.6,137054.0,28239.0,0.0
12127083008,8,2.71,64193.0,21.77,8024.12,63896.0,297.0,0.0
37155962001,3,0.75,31812.0,7.9,10604.0,31812.0,0.0,0.0
45013001103,2,,14722.0,,7361.0,14722.0,0.0,0.0
37051003003,2,,20776.0,,10388.0,20776.0,0.0,0.0
37065020200,7,1.14,121436.0,19.77,17348.0,117876.0,3560.0,0.0
12101030205,1,0.46,0.0,0.0,0.0,0.0,0.0,0.0
13051010102,20,4.5,152901.0,34.38,7645.05,134800.0,18101.0,0.0
12031010104,6,,109176.0,,18196.0,94550.0,14626.0,0.0
37017950500,4,0.58,323000.0,46.9,80750.0,233679.0,89321.0,0.0
37061090701,26,6.35,961521.0,234.98,36981.58,689554.0,271967.0,0.0
12099000509,1,0.61,0.0,0.0,0.0,0.0,0.0,0.0
13029920308,8,,176278.0,,22034.75,130143.0,46135.0,0.0
37163971000,13,2.66,794930.0,162.66,61148.46,632532.0,162398.0,0.0
13051004211,7,1.38,28987.0,5.71,4141.0,21628.0,7359.0,0.0
12109020901,27,3.07,725054.0,82.42,26853.85,647546.0,77508.0,0.0
12031014412,3,0.2,15315.0,1.01,5105.0,15315.0,0.0,0.0
45015020404,2,0.43,18576.0,3.97,9288.0,16725.0,1851.0,0.0
13051011003,8,1.24,12307.0,1.91,1538.38,12307.0,0.0,0.0
37155960802,31,16.68,1810041.0,973.66,58388.42,1681502.0,128539.0,0.0
37101041112,1,,2151.0,,2151.0,2151.0,0.0,0.0
13127000200,14,2.79,178534.0,35.61,12752.43,156178.0,22356.0,0.0
12127082904,14,2.82,309024.0,62.27,22073.14,269680.0,39344.0,0.0
37073970100,3,0.74,50367.0,12.34,16789.0,38377.0,11990.0,0.0
45013000502,13,1.99,44354.0,6.8,3411.85,29652.0,14702.0,0.0
45089970600,2,0.36,82837.0,14.77,41418.5,81779.0,1058.0,0.0
37127010502,18,2.5,664918.0,92.32,36939.89,591435.0,73483.0,0.0
13127000104,1,,0.0,,0.0,0.0,0.0,0.0
12109020908,8,,56635.0,,7079.38,47620.0,9015.0,0.0
13127000404,9,0.75,1661122.0,138.74,184569.11,1391199.0,269923.0,0.0
37051000900,10,1.81,230468.0,41.71,23046.8,187770.0,42698.0,0.0
45013002107,7,0.63,32932.0,2.97,4704.57,29837.0,3095.0,0.0
12103026004,1,,0.0,,0.0,0.0,0.0,0.0
37147000603,10,0.96,211987.0,20.42,21198.7,178795.0,33192.0,0.0
37093970102,2,0.16,6552.0,0.53,3276.0,6552.0,0.0,0.0
12009064202,1,0.33,26972.0,8.96,26972.0,18572.0,8400.0,0.0
37047930400,7,1.78,288177.0,73.33,41168.14,269409.0,18768.0,0.0
12031014205,7,,179322.0,,25617.43,179322.0,0.0,0.0
37085070300,6,1.12,167937.0,31.3,27989.5,150523.0,17414.0,0.0
37155961000,11,4.9,1471015.0,655.53,133728.64,875865.0,595150.0,0.0
45041001506,1,0.5,10544.0,5.3,10544.0,10544.0,0.0,0.0
13127000900,17,4.02,181946.0,42.99,10702.71,170030.0,11916.0,0.0
37195000200,1,1.06,32482.0,34.52,32482.0,32482.0,0.0,0.0
37051003317,4,,62132.0,,15533.0,62132.0,0.0,0.0
12031013905,8,1.93,6972.0,1.68,871.5,6972.0,0.0,0.0
37079950301,2,,21135.0,,10567.5,7575.0,13560.0,0.0
13127000504,8,2.38,74442.0,22.12,9305.25,63223.0,11219.0,0.0
12107951000,34,7.97,1071655.0,251.09,31519.26,904256.0,167399.0,0.0
37147001402,5,1.99,140825.0,56.11,28165.0,118830.0,21995.0,0.0
12035060104,10,2.45,0.0,0.0,0.0,0.0,0.0,0.0
37061090600,8,2.01,183805.0,46.18,22975.62,162512.0,21293.0,0.0
37147002004,2,,21008.0,,10504.0,19025.0,1983.0,0.0
37147000900,13,1.69,92743.0,12.07,7134.08,85196.0,7547.0,0.0
45051051601,12,1.23,708103.0,72.81,59008.58,574023.0,134080.0,0.0
45019005701,18,,375001.0,,20833.39,361919.0,13082.0,0.0
45075010200,6,1.15,258111.0,49.31,43018.5,213460.0,44651.0,0.0
12031014206,11,,726418.0,,66038.0,726418.0,0.0,0.0
37107011300,38,7.65,5782893.0,1163.79,152181.39,4426397.0,1356496.0,0.0
45053950201,10,1.85,348842.0,64.71,34884.2,203219.0,145623.0,0.0
37147000601,2,0.26,2458.0,0.31,1229.0,2458.0,0.0,0.0
37065021200,12,2.32,335483.0,64.95,27956.92,227667.0,107816.0,0.0
37183053405,14,2.91,157005.0,32.63,11214.64,148430.0,8575.0,0.0
12017451701,1,,0.0,,0.0,0.0,0.0,0.0
12009069400,21,3.43,18748.0,3.06,892.76,18334.0,414.0,0.0
12031016806,10,0.81,442544.0,35.78,44254.4,317294.0,125250.0,0.0
45041001200,11,3.05,169388.0,46.99,15398.91,155893.0,13495.0,0.0
12069031107,1,,0.0,,0.0,0.0,0.0,0.0
37061090706,4,,42464.0,,10616.0,30747.0,11717.0,0.0
37019020405,3,1.07,8499.0,3.02,2833.0,8499.0,0.0,0.0
12107950700,1,0.23,315.0,0.07,315.0,315.0,0.0,0.0
45041000600,1,0.2,65247.0,12.87,65247.0,52679.0,12568.0,0.0
12109021203,4,0.5,68783.0,8.67,17195.75,58650.0,10133.0,0.0
12057010502,1,0.4,0.0,0.0,0.0,0.0,0.0,0.0
12127082902,4,0.71,37494.0,6.64,9373.5,37494.0,0.0,0.0
37191001402,5,,186970.0,,37394.0,167745.0,19225.0,0.0
45019002900,13,4.47,249502.0,85.83,19192.46,234043.0,15459.0,0.0
12101030408,1,0.51,391.0,0.2,391.0,391.0,0.0,0.0
37051003600,2,0.34,14188.0,2.41,7094.0,14188.0,0.0,0.0
37051002301,1,,13699.0,,13699.0,13699.0,0.0,0.0
12127082401,24,6.38,623578.0,165.76,25982.42,489785.0,133793.0,0.0
12031014104,4,,39723.0,,9930.75,31487.0,8236.0,0.0
45051040103,3,0.55,31476.0,5.72,10492.0,31476.0,0.0,0.0
12009064800,1,0.37,0.0,0.0,0.0,0.0,0.0,0.0
13039010100,7,2.66,181090.0,68.7,25870.0,83294.0,97796.0,0.0
12031014203,20,4.37,90723.0,19.83,4536.15,90723.0,0.0,0.0
45067950300,2,0.69,22394.0,7.7,11197.0,22394.0,0.0,0.0
12031014002,3,1.23,37366.0,15.38,12455.33,20335.0,17031.0,0.0
37019020315,1,,839.0,,839.0,839.0,0.0,0.0
45051020200,8,1.52,44969.0,8.52,5621.12,44566.0,403.0,0.0
13179010504,2,,21020.0,,10510.0,17461.0,3559.0,0.0
12009069200,4,1.62,16866.0,6.82,4216.5,14506.0,2360.0,0.0
37019020516,1,,764.0,,764.0,764.0,0.0,0.0
12109020704,4,1.22,28444.0,8.7,7111.0,28444.0,0.0,0.0
13051010808,4,0.37,57222.0,5.34,14305.5,55228.0,1994.0,0.0
45019001500,3,2.13,5332.0,3.78,1777.33,5332.0,0.0,0.0
12009068400,2,0.9,17112.0,7.66,8556.0,17112.0,0.0,0.0
13051004001,10,2.41,224374.0,54.07,22437.4,199421.0,24953.0,0.0
45031011300,4,0.76,25137.0,4.77,6284.25,24810.0,327.0,0.0
37139960701,7,1.11,67352.0,10.7,9621.71,49949.0,17403.0,0.0
37117970200,2,0.54,150816.0,40.53,75408.0,150816.0,0.0,0.0
12009068102,7,2.08,111785.0,33.26,15969.29,94062.0,17723.0,0.0
45041001900,12,1.83,134072.0,20.5,11172.67,133161.0,911.0,0.0
45013000501,10,1.54,448285.0,69.02,44828.5,298769.0,149516.0,0.0
37047930100,4,0.97,213445.0,51.78,53361.25,162849.0,50596.0,0.0
13103030402,2,0.31,10300.0,1.62,5150.0,0.0,10300.0,0.0
37065021300,2,0.44,25459.0,5.54,12729.5,25459.0,0.0,0.0
13051010812,4,,10763.0,,2690.75,5952.0,4811.0,0.0
45015020405,8,2.32,124764.0,36.26,15595.5,116390.0,8374.0,0.0
37061090400,7,1.1,570300.0,89.39,81471.43,474928.0,95372.0,0.0
12127083007,1,0.19,0.0,0.0,0.0,0.0,0.0,0.0
12127082410,1,0.15,0.0,0.0,0.0,0.0,0.0,0.0
37051001400,5,0.78,160134.0,24.86,32026.8,106508.0,53626.0,0.0
37101041202,1,0.17,68600.0,11.95,68600.0,50549.0,18051.0,0.0
37061090802,3,0.56,59969.0,11.11,19989.67,43024.0,16945.0,0.0
37041930200,2,0.3,31335.0,4.62,15667.5,31335.0,0.0,0.0
12085000610,20,5.12,0.0,0.0,0.0,0.0,0.0,0.0
45041000201,3,1.13,82870.0,31.13,27623.33,80315.0,2555.0,0.0
37101040502,1,,28501.0,,28501.0,21984.0,6517.0,0.0
12009063102,1,0.12,0.0,0.0,0.0,0.0,0.0,0.0
13051010814,1,,0.0,,0.0,0.0,0.0,0.0
37147001303,6,0.73,105058.0,12.7,17509.67,94936.0,10122.0,0.0
12127083203,2,0.27,0.0,0.0,0.0,0.0,0.0,0.0
12099005411,1,0.29,0.0,0.0,0.0,0.0,0.0,0.0
37155960503,11,5.66,284817.0,146.66,25892.45,273106.0,11711.0,0.0
13039010602,1,0.89,0.0,0.0,0.0,0.0,0.0,0.0
37079950300,2,0.29,50554.0,7.26,25277.0,9871.0,40683.0,0.0
45019002006,5,0.99,34902.0,6.93,6980.4,34843.0,59.0,0.0
37163970200,1,0.15,13737.0,2.13,13737.0,13737.0,0.0,0.0
37051002501,1,0.13,17127.0,2.16,17127.0,17127.0,0.0,0.0
37103920100,2,0.53,26878.0,7.12,13439.0,26878.0,0.0,0.0
12031013904,3,0.64,44542.0,9.5,14847.33,40454.0,4088.0,0.0
45019003110,12,1.58,275504.0,36.23,22958.67,248427.0,27077.0,0.0
12061050503,3,0.66,0.0,0.0,0.0,0.0,0.0,0.0
45019005601,2,,3631.0,,1815.5,3098.0,533.0,0.0
45041002300,6,1.8,108429.0,32.44,18071.5,76909.0,31520.0,0.0
37017950502,4,,219758.0,,54939.5,206045.0,13713.0,0.0
12009068200,2,0.67,151.0,0.05,75.5,151.0,0.0,0.0
12099005807,1,0.23,3659.0,0.85,3659.0,3659.0,0.0,0.0
13029920307,2,,61084.0,,30542.0,61084.0,0.0,0.0
12011110307,1,0.17,0.0,0.0,0.0,0.0,0.0,0.0
45043920503,8,1.43,31747.0,5.67,3968.38,27480.0,4267.0,0.0
37049960300,2,0.29,23228.0,3.39,11614.0,18300.0,4928.0,0.0
45051080102,3,1.2,250522.0,100.57,83507.33,198503.0,52019.0,0.0
37183054001,1,0.2,37705.0,7.69,37705.0,37705.0,0.0,0.0
12109020903,4,,145861.0,,36465.25,98311.0,47550.0,0.0
12019030902,3,0.3,113904.0,11.29,37968.0,113904.0,0.0,0.0
45051010100,7,2.24,423800.0,135.36,60542.86,313832.0,109968.0,0.0
45051070101,4,0.8,77948.0,15.61,19487.0,76169.0,1779.0,0.0
45051060403,10,4.08,524972.0,214.36,52497.2,508722.0,16250.0,0.0
12031000700,3,0.77,4691.0,1.2,1563.67,4691.0,0.0,0.0
45035010501,1,0.18,11157.0,1.99,11157.0,1938.0,9219.0,0.0
45013000800,6,1.03,14128.0,2.42,2354.67,14128.0,0.0,0.0
37195000300,1,0.4,5864.0,2.37,5864.0,0.0,5864.0,0.0
12011020207,1,0.17,0.0,0.0,0.0,0.0,0.0,0.0
45019004800,11,5.37,186038.0,90.79,16912.55,171392.0,14646.0,0.0
45041000300,4,0.95,17558.0,4.17,4389.5,17558.0,0.0,0.0
37127010604,2,,51267.0,,25633.5,51267.0,0.0,0.0
13051004207,21,5.96,1924078.0,546.46,91622.76,1924078.0,0.0,0.0
37127011102,5,0.66,293055.0,38.68,58611.0,262847.0,30208.0,0.0
45043920508,11,,138157.0,,12559.73,100127.0,38030.0,0.0
45043920201,7,1.37,178339.0,34.79,25477.0,175777.0,2562.0,0.0
13051010806,9,1.45,54749.0,8.81,6083.22,46475.0,8274.0,0.0
45041001400,18,2.27,507608.0,63.99,28200.44,412129.0,95479.0,0.0
12035060301,12,2.31,234098.0,45.11,19508.17,219294.0,14804.0,0.0
45033970100,6,1.59,427559.0,113.14,71259.83,365258.0,62301.0,0.0
37015960200,7,1.7,222053.0,53.97,31721.86,175429.0,46624.0,0.0
13051011109,18,2.68,159994.0,23.84,8888.56,159994.0,0.0,0.0
37107010600,2,0.59,43643.0,12.8,21821.5,30328.0,13315.0,0.0
45043920602,1,,28594.0,,28594.0,28594.0,0.0,0.0
45051020100,1,0.3,71900.0,21.79,71900.0,37919.0,33981.0,0.0
37031970304,2,1.0,57598.0,28.87,28799.0,56398.0,1200.0,0.0
37017950102,3,,167035.0,,55678.33,128434.0,38601.0,0.0
13039010601,13,2.21,261529.0,44.5,20117.62,217749.0,43780.0,0.0
13051004209,3,0.92,8166.0,2.51,2722.0,6753.0,1413.0,0.0
12109020710,20,8.81,664549.0,292.75,33227.45,626343.0,38206.0,0.0
45019002108,1,,9216.0,,9216.0,9216.0,0.0,0.0
37195000900,4,1.03,969315.0,248.93,242328.75,468531.0,500784.0,0.0
37051001901,2,0.87,103743.0,45.14,51871.5,64754.0,38989.0,0.0
37147000702,12,4.17,396919.0,137.87,33076.58,377545.0,19374.0,0.0
45035010808,5,0.65,185401.0,24.09,37080.2,179630.0,5771.0,0.0
45019003400,6,1.36,102980.0,23.33,17163.33,90125.0,12855.0,0.0
45067950200,10,1.74,454026.0,79.04,45402.6,387821.0,66205.0,0.0
12009061100,1,0.16,0.0,0.0,0.0,0.0,0.0,0.0
45019003109,3,0.73,3504.0,0.85,1168.0,3504.0,0.0,0.0
37141920401,3,1.26,11480.0,4.82,3826.67,11480.0,0.0,0.0
37049960301,3,,66866.0,,22288.67,49798.0,17068.0,0.0
12031014335,2,0.24,203.0,0.02,101.5,203.0,0.0,0.0
45035010819,1,0.2,235948.0,47.67,235948.0,150715.0,85233.0,0.0
45051040104,2,0.77,89343.0,34.51,44671.5,66539.0,22804.0,0.0
37163970100,1,0.14,11699.0,1.58,11699.0,10023.0,1676.0,0.0
13051003800,5,1.73,6207.0,2.15,1241.4,3157.0,3050.0,0.0
37125950504,10,,55784.0,,5578.4,55784.0,0.0,0.0
37127011300,1,0.19,0.0,0.0,0.0,0.0,0.0,0.0
37163970500,1,0.16,133268.0,21.72,133268.0,82317.0,50951.0,0.0
37091950201,3,,37172.0,,12390.67,26285.0,10887.0,0.0
45029970700,4,0.69,25095.0,4.33,6273.75,21043.0,4052.0,0.0
37019020507,1,0.15,401.0,0.06,401.0,401.0,0.0,0.0
45053950302,2,,97956.0,,48978.0,83995.0,13961.0,0.0
12031010900,2,0.57,11401.0,3.28,5700.5,11401.0,0.0,0.0
12031016807,1,0.25,7417.0,1.85,7417.0,7417.0,0.0,0.0
45033970600,6,0.79,234542.0,30.85,39090.33,166640.0,67902.0,0.0
45075011400,2,0.57,1440.0,0.41,720.0,1440.0,0.0,0.0
13051011006,6,1.67,89374.0,24.83,14895.67,89374.0,0.0,0.0
45019003600,2,0.84,4934.0,2.08,2467.0,2362.0,2572.0,0.0
37183052503,1,0.15,63894.0,9.35,63894.0,63894.0,0.0,0.0
12057013004,1,0.23,60153.0,13.59,60153.0,56992.0,3161.0,0.0
12086018600,1,0.11,0.0,0.0,0.0,0.0,0.0,0.0
13051003400,5,1.2,30883.0,7.4,6176.6,30883.0,0.0,0.0
37013930102,4,,20298.0,,5074.5,17698.0,2600.0,0.0
12009071600,1,0.23,5379.0,1.26,5379.0,5379.0,0.0,0.0
45051070300,8,1.91,457784.0,109.31,57223.0,293742.0,164042.0,0.0
12127080700,5,1.2,32075.0,7.71,6415.0,32075.0,0.0,0.0
37139960503,7,2.39,54863.0,18.71,7837.57,54863.0,0.0,0.0
45085001704,3,0.54,10025.0,1.81,3341.67,1653.0,8372.0,0.0
12109020705,7,1.17,81196.0,13.57,11599.43,78303.0,2893.0,0.0
37195000502,10,1.99,100697.0,20.08,10069.7,93466.0,7231.0,0.0
45053950202,9,0.99,307891.0,33.84,34210.11,224723.0,83168.0,0.0
12031013902,4,0.75,47254.0,8.89,11813.5,31489.0,15765.0,0.0
12009067100,1,0.69,0.0,0.0,0.0,0.0,0.0,0.0
45019004610,2,0.65,3823.0,1.24,1911.5,3823.0,0.0,0.0
37163970701,1,,44279.0,,44279.0,38681.0,5598.0,0.0
13179010501,12,3.68,11131.0,3.42,927.58,11131.0,0.0,0.0
12009069802,2,0.42,13293.0,2.76,6646.5,11595.0,1698.0,0.0
12089050503,1,0.15,2212.0,0.34,2212.0,1870.0,342.0,0.0
45019005500,3,2.55,22529.0,19.17,7509.67,22529.0,0.0,0.0
37051000600,19,3.41,1302893.0,233.79,68573.32,1175565.0,127328.0,0.0
45019002701,13,5.41,411685.0,171.46,31668.08,341457.0,70228.0,0.0
37139960200,4,0.88,120717.0,26.54,30179.25,93743.0,26974.0,0.0
37147000604,2,,10487.0,,5243.5,10487.0,0.0,0.0
45043990100,2,,3961.0,,1980.5,3961.0,0.0,0.0
45019004613,2,1.2,5490.0,3.29,2745.0,5490.0,0.0,0.0
37147001001,5,2.06,51470.0,21.16,10294.0,36570.0,14900.0,0.0
45019005000,7,1.41,75389.0,15.21,10769.86,72975.0,2414.0,0.0
37117970600,2,0.65,74452.0,24.21,37226.0,59486.0,14966.0,0.0
45085000401,1,,3122.0,,3122.0,3122.0,0.0,0.0
37053110202,7,,78157.0,,11165.29,61944.0,16213.0,0.0
37101040901,1,0.08,11589.0,0.98,11589.0,11589.0,0.0,0.0
37195001302,1,,20619.0,,20619.0,15837.0,4782.0,0.0
12011020318,1,0.1,0.0,0.0,0.0,0.0,0.0,0.0
37091950200,7,1.11,322824.0,51.07,46117.71,220460.0,102364.0,0.0
37019020506,1,0.21,7229.0,1.51,7229.0,7229.0,0.0,0.0
37183053109,2,0.24,38490.0,4.58,19245.0,28099.0,10391.0,0.0
45043920700,4,0.72,61914.0,11.19,15478.5,43239.0,18675.0,0.0
37071031201,1,0.3,7617.0,2.25,7617.0,7617.0,0.0,0.0
37191000304,2,0.35,71440.0,12.67,35720.0,65312.0,6128.0,0.0
37019020305,8,2.63,196806.0,64.74,24600.75,167816.0,28990.0,0.0
12127080201,7,2.48,16021.0,5.69,2288.71,16020.0,1.0,0.0
45079002100,2,0.68,1974.0,0.67,987.0,1974.0,0.0,0.0
45015020403,2,0.28,8714.0,1.21,4357.0,8714.0,0.0,0.0
37101041113,4,,394204.0,,98551.0,310842.0,83362.0,0.0
45041001300,4,1.07,54621.0,14.68,13655.25,54621.0,0.0,0.0
12031014311,1,0.2,0.0,0.0,0.0,0.0,0.0,0.0
12031016500,4,0.77,7655.0,1.48,1913.75,5258.0,2397.0,0.0
12031014001,3,0.68,13386.0,3.05,4462.0,13386.0,0.0,0.0
37085070401,1,0.24,28547.0,6.82,28547.0,165.0,28382.0,0.0
12089050509,1,,0.0,,0.0,0.0,0.0,0.0
13029920305,6,1.35,2136.0,0.48,356.0,2136.0,0.0,0.0
45019004612,3,0.41,0.0,0.0,0.0,0.0,0.0,0.0
12109020804,1,0.27,0.0,0.0,0.0,0.0,0.0,0.0
12035060204,5,0.62,40450.0,5.03,8090.0,39600.0,850.0,0.0
37051003800,12,3.84,1405195.0,449.95,117099.58,1251386.0,153809.0,0.0
13051011600,2,0.85,2162.0,0.92,1081.0,2162.0,0.0,0.0
37127011200,4,0.61,54642.0,8.29,13660.5,45578.0,9064.0,0.0
37019020511,3,1.26,0.0,0.0,0.0,0.0,0.0,0.0
45019002502,11,1.46,138691.0,18.45,12608.27,58832.0,79859.0,0.0
12019030802,2,0.3,31200.0,4.67,15600.0,31200.0,0.0,0.0
45019004000,1,0.37,69765.0,25.88,69765.0,69765.0,0.0,0.0
12009062400,2,0.29,35984.0,5.21,17992.0,29670.0,6314.0,0.0
37053110201,4,,290827.0,,72706.75,280976.0,9851.0,0.0
37155960401,1,0.13,10499.0,1.37,10499.0,10499.0,0.0,0.0
12031014601,14,2.41,57326.0,9.86,4094.71,40009.0,17317.0,0.0
12031016804,8,1.05,57489.0,7.58,7186.12,52470.0,5019.0,0.0
45019004606,3,0.33,26433.0,2.87,8811.0,26433.0,0.0,0.0
13127000302,3,,37248.0,,12416.0,35170.0,2078.0,0.0
45079011417,1,0.12,10357.0,1.21,10357.0,9915.0,442.0,0.0
12127082509,5,1.22,40532.0,9.9,8106.4,33459.0,7073.0,0.0
45051070702,1,0.19,9344.0,1.75,9344.0,9344.0,0.0,0.0
37073970200,7,1.69,151903.0,36.64,21700.43,139259.0,12644.0,0.0
13051003502,5,1.31,39508.0,10.32,7901.6,39093.0,415.0,0.0
12031014330,7,1.49,124588.0,26.46,17798.29,97204.0,27384.0,0.0
12127083209,1,0.18,24346.0,4.3,24346.0,24346.0,0.0,0.0
13051010811,7,,52288.0,,7469.71,39080.0,13208.0,0.0
12127081102,9,4.51,373422.0,187.27,41491.33,275098.0,98324.0,0.0
12031016808,2,0.51,7679.0,1.96,3839.5,7679.0,0.0,0.0
37105030702,1,0.23,20278.0,4.74,20278.0,20278.0,0.0,0.0
13127000503,6,1.43,44204.0,10.53,7367.33,36204.0,8000.0,0.0
37191000601,1,0.21,104002.0,21.96,104002.0,29714.0,74288.0,0.0
45089970700,1,0.41,25940.0,10.53,25940.0,22991.0,2949.0,0.0
37047931300,6,1.25,241220.0,50.24,40203.33,190964.0,50256.0,0.0
12085000603,2,0.36,0.0,0.0,0.0,0.0,0.0,0.0
45079011412,1,0.23,554.0,0.13,554.0,554.0,0.0,0.0
12105011910,1,0.6,4203.0,2.52,4203.0,4203.0,0.0,0.0
37153970600,1,0.26,44979.0,11.76,44979.0,44979.0,0.0,0.0
12127080902,2,0.53,0.0,0.0,0.0,0.0,0.0,0.0
37133000102,3,0.32,41576.0,4.41,13858.67,13360.0,28216.0,0.0
37125951100,1,0.11,4804.0,0.52,4804.0,4804.0,0.0,0.0
37191000402,14,2.93,568521.0,118.99,40608.64,429518.0,139003.0,0.0
12127080803,4,0.8,22448.0,4.48,5612.0,21768.0,680.0,0.0
37163970600,4,0.94,56977.0,13.33,14244.25,55890.0,1087.0,0.0
37141920102,2,1.66,90256.0,74.96,45128.0,90256.0,0.0,0.0
45033970500,7,1.78,305709.0,77.83,43672.71,250424.0,55285.0,0.0
37065021100,3,0.76,16882.0,4.25,5627.33,7951.0,8931.0,0.0
12086013800,1,0.13,0.0,0.0,0.0,0.0,0.0,0.0
12031001401,1,,3175.0,,3175.0,2650.0,525.0,0.0
45041001602,1,0.18,294.0,0.05,294.0,294.0,0.0,0.0
37195000802,6,1.49,79108.0,19.63,13184.67,28229.0,50879.0,0.0
45019004902,11,4.57,77388.0,32.18,7035.27,75137.0,2251.0,0.0
37049961303,1,0.28,3054.0,0.85,3054.0,3054.0,0.0,0.0
45085000400,1,0.12,2806.0,0.33,2806.0,2806.0,0.0,0.0
12031015501,3,0.91,90149.0,27.45,30049.67,59129.0,31020.0,0.0
12009071335,1,0.22,0.0,0.0,0.0,0.0,0.0,0.0
45019003106,1,0.15,26088.0,3.81,26088.0,13194.0,12894.0,0.0
12031000600,1,0.17,1191.0,0.2,1191.0,1191.0,0.0,0.0
37101041501,2,0.27,21607.0,2.95,10803.5,19187.0,2420.0,0.0
37127010302,5,,70629.0,,14125.8,59369.0,11260.0,0.0
12011042000,1,0.32,0.0,0.0,0.0,0.0,0.0,0.0
45035010817,2,0.44,14161.0,3.1,7080.5,11758.0,2403.0,0.0
37079950200,6,1.25,121498.0,25.22,20249.67,111701.0,9797.0,0.0
45029970100,1,0.56,7420.0,4.14,7420.0,7420.0,0.0,0.0
37051001601,7,0.89,1691060.0,215.5,241580.0,1605069.0,85991.0,0.0
37191000604,3,,77365.0,,25788.33,72073.0,5292.0,0.0
45029970701,2,,6726.0,,3363.0,979.0,5747.0,0.0
37195000600,6,0.75,476642.0,59.37,79440.33,460275.0,16367.0,0.0
37107010900,3,0.87,186453.0,53.78,62151.0,161454.0,24999.0,0.0
12115000101,1,0.25,0.0,0.0,0.0,0.0,0.0,0.0
37093970402,1,0.29,25053.0,7.18,25053.0,25053.0,0.0,0.0
37135011500,5,2.42,162724.0,78.76,32544.8,162724.0,0.0,0.0
37051002302,8,,58013.0,,7251.62,54138.0,3875.0,0.0
12005001502,1,0.17,0.0,0.0,0.0,0.0,0.0,0.0
37147001301,10,2.47,162379.0,40.05,16237.9,129739.0,32640.0,0.0
45051060406,4,0.66,21414.0,3.55,5353.5,21414.0,0.0,0.0
12099000703,1,0.25,0.0,0.0,0.0,0.0,0.0,0.0
37031970901,1,0.92,0.0,0.0,0.0,0.0,0.0,0.0
37147001601,3,,164039.0,,54679.67,112067.0,51972.0,0.0
37081016701,1,0.18,13693.0,2.41,13693.0,13693.0,0.0,0.0
45027960703,1,0.29,4957.0,1.42,4957.0,4957.0,0.0,0.0
37183053008,1,0.12,5341.0,0.63,5341.0,5341.0,0.0,0.0
12031014701,5,0.72,7269.0,1.04,1453.8,7269.0,0.0,0.0
45019005602,9,,398723.0,,44302.56,378223.0,20500.0,0.0
37147001304,6,,70730.0,,11788.33,67461.0,3269.0,0.0
12127080806,1,0.35,0.0,0.0,0.0,0.0,0.0,0.0
12127092500,1,0.23,0.0,0.0,0.0,0.0,0.0,0.0
45041002201,3,0.57,72369.0,13.66,24123.0,71701.0,668.0,0.0
45019005702,1,,0.0,,0.0,0.0,0.0,0.0
37125950601,1,0.27,1298.0,0.35,1298.0,1298.0,0.0,0.0
37147000607,1,,15479.0,,15479.0,15479.0,0.0,0.0
45015020721,2,0.58,3117.0,0.9,1558.5,3117.0,0.0,0.0
45051050200,14,8.05,1124401.0,646.21,80314.36,1116652.0,7749.0,0.0
37139960501,1,0.32,1914.0,0.62,1914.0,1914.0,0.0,0.0
37019020101,1,0.35,69804.0,24.15,69804.0,69804.0,0.0,0.0
37085070700,3,0.56,197396.0,36.9,65798.67,128012.0,69384.0,0.0
45041001901,2,,12642.0,,6321.0,12642.0,0.0,0.0
45013000300,1,0.2,6983.0,1.39,6983.0,6983.0,0.0,0.0
13051011113,5,,138253.0,,27650.6,102184.0,36069.0,0.0
12099007410,2,1.31,45816.0,29.95,22908.0,45816.0,0.0,0.0
37129012107,2,,6280.0,,3140.0,6280.0,0.0,0.0
37019020104,1,0.16,0.0,0.0,0.0,0.0,0.0,0.0
12105012206,2,0.38,0.0,0.0,0.0,0.0,0.0,0.0
37085070802,4,0.89,56155.0,12.44,14038.75,40020.0,16135.0,0.0
45051060203,9,1.27,357280.0,50.35,39697.78,268138.0,89142.0,0.0
37019020403,7,1.46,99125.0,20.72,14160.71,89155.0,9970.0,0.0
12086015700,1,0.39,0.0,0.0,0.0,0.0,0.0,0.0
12019030304,1,0.25,0.0,0.0,0.0,0.0,0.0,0.0
12103027402,1,0.16,0.0,0.0,0.0,0.0,0.0,0.0
12011060122,1,0.2,0.0,0.0,0.0,0.0,0.0,0.0
45041001504,2,0.33,96868.0,16.21,48434.0,89851.0,7017.0,0.0
13051003501,1,0.36,15293.0,5.51,15293.0,11570.0,3723.0,0.0
37191000800,2,0.73,148640.0,54.33,74320.0,99808.0,48832.0,0.0
12009065236,2,1.39,36200.0,25.16,18100.0,27136.0,9064.0,0.0
37191000101,4,0.56,204784.0,28.65,51196.0,154743.0,50041.0,0.0
37147001403,1,,15165.0,,15165.0,15165.0,0.0,0.0
37079950101,15,3.68,576349.0,141.47,38423.27,410758.0,165591.0,0.0
45051060102,6,2.11,347478.0,121.92,57913.0,293498.0,53980.0,0.0
37065021600,4,1.26,46235.0,14.51,11558.75,36836.0,9399.0,0.0
37147002001,7,1.03,131077.0,19.32,18725.29,92502.0,38575.0,0.0
12031010401,1,0.3,1287.0,0.39,1287.0,1287.0,0.0,0.0
37195001200,2,0.53,23147.0,6.12,11573.5,23147.0,0.0,0.0
12085000700,2,0.63,0.0,0.0,0.0,0.0,0.0,0.0
37031970102,3,1.08,6316.0,2.28,2105.33,6316.0,0.0,0.0
37047931000,3,0.53,309682.0,54.72,103227.33,232052.0,77630.0,0.0
37183052701,4,0.66,548292.0,90.45,137073.0,493434.0,54858.0,0.0
37129010300,2,0.35,9574.0,1.68,4787.0,9574.0,0.0,0.0
37107010700,6,2.59,210572.0,91.04,35095.33,177058.0,33514.0,0.0
37017950100,16,2.92,1530388.0,279.06,95649.25,1341009.0,189379.0,0.0
45019003117,4,,202953.0,,50738.25,158792.0,44161.0,0.0
37051003500,1,0.18,0.0,0.0,0.0,0.0,0.0,0.0
37051000702,4,1.83,189297.0,86.63,47324.25,183211.0,6086.0,0.0
45015020503,1,0.2,1160.0,0.24,1160.0,1160.0,0.0,0.0
13051000601,3,0.64,6933.0,1.49,2311.0,6933.0,0.0,0.0
37127010400,8,2.81,401268.0,140.99,50158.5,393799.0,7469.0,0.0
12127082302,1,,0.0,,0.0,0.0,0.0,0.0
37085070801,1,0.41,9826.0,4.04,9826.0,9826.0,0.0,0.0
45019005002,1,,33150.0,,33150.0,10839.0,22311.0,0.0
13051011008,2,,29502.0,,14751.0,29502.0,0.0,0.0
12031013402,3,0.59,5731.0,1.12,1910.33,5731.0,0.0,0.0
37183052404,2,0.44,22304.0,4.91,11152.0,18099.0,4205.0,0.0
12127082604,3,1.13,47646.0,17.96,15882.0,47646.0,0.0,0.0
12009066900,10,1.51,4845.0,0.73,484.5,4845.0,0.0,0.0
12117021606,1,0.15,340.0,0.05,340.0,340.0,0.0,0.0
37183053517,1,0.18,818.0,0.15,818.0,818.0,0.0,0.0
12127081300,6,2.99,14259.0,7.1,2376.5,8521.0,5738.0,0.0
37051002900,1,0.24,39326.0,9.39,39326.0,27263.0,12063.0,0.0
12009071700,2,,0.0,,0.0,0.0,0.0,0.0
12031014337,3,0.28,13032.0,1.21,4344.0,13032.0,0.0,0.0
12127082100,5,1.17,48798.0,11.43,9759.6,48274.0,524.0,0.0
37127010601,8,3.09,29745.0,11.48,3718.12,28688.0,1057.0,0.0
37061090703,4,,78396.0,,19599.0,78396.0,0.0,0.0
37019020103,1,0.13,29095.0,3.84,29095.0,24680.0,4415.0,0.0
37061090502,5,1.16,224122.0,52.01,44824.4,206681.0,17441.0,0.0
37101041300,8,1.35,379004.0,63.84,47375.5,321171.0,57833.0,0.0
37013930501,10,2.17,76559.0,16.6,7655.9,74834.0,1725.0,0.0
13051011800,4,,35727.0,,8931.75,35727.0,0.0,0.0
37147001100,2,0.37,85758.0,15.95,42879.0,81758.0,4000.0,0.0
13051011007,5,,56016.0,,11203.2,51862.0,4154.0,0.0
12085000502,1,0.47,0.0,0.0,0.0,0.0,0.0,0.0
45041000202,5,0.64,56168.0,7.14,11233.6,45793.0,10375.0,0.0
45013002110,2,,129895.0,,64947.5,90628.0,39267.0,0.0
12009064126,1,0.22,0.0,0.0,0.0,0.0,0.0,0.0
45015020716,1,0.11,0.0,0.0,0.0,0.0,0.0,0.0
12099003509,1,0.41,0.0,0.0,0.0,0.0,0.0,0.0
12109020706,2,0.62,4888.0,1.51,2444.0,4888.0,0.0,0.0
12123950400,1,0.12,5549.0,0.68,5549.0,3812.0,1737.0,0.0
37191000103,1,,9795.0,,9795.0,9795.0,0.0,0.0
12107950800,3,0.93,134786.0,41.87,44928.67,110991.0,23795.0,0.0
45015020904,2,0.51,63355.0,16.1,31677.5,48073.0,15282.0,0.0
37013930502,1,0.26,8819.0,2.31,8819.0,8819.0,0.0,0.0
12109021211,2,,18302.0,,9151.0,16229.0,2073.0,0.0
37041930101,8,1.48,234727.0,43.44,29340.88,200669.0,34058.0,0.0
12095012403,1,0.22,293.0,0.06,293.0,293.0,0.0,0.0
45085000500,2,0.88,2346.0,1.04,1173.0,2346.0,0.0,0.0
12111381300,3,0.78,8058.0,2.1,2686.0,8058.0,0.0,0.0
37013930900,1,0.23,3486.0,0.81,3486.0,3486.0,0.0,0.0
12009062103,2,0.25,5023.0,0.64,2511.5,5023.0,0.0,0.0
12069030102,2,0.53,22522.0,5.99,11261.0,22522.0,0.0,0.0
37091950100,1,0.15,8390.0,1.24,8390.0,8390.0,0.0,0.0
37101040400,2,0.44,177529.0,38.8,88764.5,150718.0,26811.0,0.0
12009069100,2,0.41,0.0,0.0,0.0,0.0,0.0,0.0
12019030801,3,0.52,57900.0,10.01,19300.0,40253.0,17647.0,0.0
37187950300,4,2.66,24020.0,15.96,6005.0,24020.0,0.0,0.0
12085000100,9,3.48,39263.0,15.17,4362.56,38711.0,552.0,0.0
12057002000,1,0.32,32402.0,10.29,32402.0,11538.0,20864.0,0.0
12031014344,1,,0.0,,0.0,0.0,0.0,0.0
37101040103,2,,23941.0,,11970.5,14303.0,9638.0,0.0
37125950702,2,0.82,129596.0,53.35,64798.0,99713.0,29883.0,0.0
37019020510,5,2.86,43814.0,25.02,8762.8,43814.0,0.0,0.0
37183052601,1,0.32,2536.0,0.82,2536.0,2536.0,0.0,0.0
12011110325,1,0.04,0.0,0.0,0.0,0.0,0.0,0.0
45051050102,2,0.5,0.0,0.0,0.0,0.0,0.0,0.0
37101040902,6,0.84,750056.0,105.04,125009.33,594647.0,155409.0,0.0
12127083003,4,0.68,3850.0,0.65,962.5,1527.0,2323.0,0.0
13051002200,3,0.74,38304.0,9.5,12768.0,31870.0,6434.0,0.0
13051010801,3,1.06,28378.0,10.04,9459.33,27950.0,428.0,0.0
37127010602,6,1.0,959526.0,159.18,159921.0,959526.0,0.0,0.0
13127000202,3,,15407.0,,5135.67,12269.0,3138.0,0.0
37013931002,2,,16865.0,,8432.5,11924.0,4941.0,0.0
37051002502,3,0.4,56349.0,7.42,18783.0,27167.0,29182.0,0.0
12127082503,4,0.64,18514.0,2.97,4628.5,15446.0,3068.0,0.0
45051050600,3,0.64,36561.0,7.76,12187.0,30033.0,6528.0,0.0
13051010816,1,,2555.0,,2555.0,2555.0,0.0,0.0
37013930600,1,0.28,31472.0,8.93,31472.0,9772.0,21700.0,0.0
12089050309,5,,40369.0,,8073.8,9896.0,30473.0,0.0
37141920103,3,0.55,19598.0,3.62,6532.67,19598.0,0.0,0.0
37183054402,2,0.36,63245.0,11.37,31622.5,27362.0,35883.0,0.0
37183054502,1,,162370.0,,162370.0,0.0,162370.0,0.0
45031011000,1,0.32,23688.0,7.68,23688.0,21443.0,2245.0,0.0
37019020509,1,0.22,0.0,0.0,0.0,0.0,0.0,0.0
37183051900,1,0.19,58369.0,11.13,58369.0,58369.0,0.0,0.0
12086004205,1,0.39,654.0,0.26,654.0,654.0,0.0,0.0
37093970401,2,0.55,200689.0,55.36,100344.5,200689.0,0.0,0.0
37051001700,1,0.11,84.0,0.01,84.0,84.0,0.0,0.0
45019004620,2,,27861.0,,13930.5,16381.0,11480.0,0.0
12109021206,6,0.91,18630.0,2.84,3105.0,18630.0,0.0,0.0
45013002109,1,,12973.0,,12973.0,12973.0,0.0,0.0
12009061202,1,0.28,7440.0,2.1,7440.0,7440.0,0.0,0.0
12086003921,1,0.35,46348.0,16.15,46348.0,46348.0,0.0,0.0
13051010701,2,,78607.0,,39303.5,78607.0,0.0,0.0
12127090102,3,0.8,13817.0,3.7,4605.67,13817.0,0.0,0.0
37183053004,1,0.36,29491.0,10.58,29491.0,27652.0,1839.0,0.0
12085001302,1,0.22,0.0,0.0,0.0,0.0,0.0,0.0
12127082201,7,2.11,54349.0,16.39,7764.14,47936.0,6413.0,0.0
37015960100,2,0.4,59101.0,11.73,29550.5,59101.0,0.0,0.0
37129011703,1,0.24,0.0,0.0,0.0,0.0,0.0,0.0
12031015600,6,1.52,31488.0,7.96,5248.0,31488.0,0.0,0.0
37183054114,1,0.2,15002.0,2.93,15002.0,15002.0,0.0,0.0
12109021002,3,0.65,37025.0,8.06,12341.67,30947.0,6078.0,0.0
12127083005,1,0.27,0.0,0.0,0.0,0.0,0.0,0.0
45019002503,5,,19975.0,,3995.0,8727.0,11248.0,0.0
12011050100,1,0.21,0.0,0.0,0.0,0.0,0.0,0.0
13051010700,5,0.22,44430.0,1.97,8886.0,44385.0,45.0,0.0
12109020803,7,1.55,8015.0,1.78,1145.0,8015.0,0.0,0.0
37163970302,1,0.18,20136.0,3.64,20136.0,20136.0,0.0,0.0
37107011202,2,,28134.0,,14067.0,28134.0,0.0,0.0
45019004400,3,1.16,769.0,0.3,256.33,769.0,0.0,0.0
12089050203,2,0.55,2057.0,0.56,1028.5,2057.0,0.0,0.0
37101041203,1,,128439.0,,128439.0,82772.0,45667.0,0.0
13051011115,3,,35199.0,,11733.0,15790.0,19409.0,0.0
13051010901,3,0.68,40213.0,9.14,13404.33,40213.0,0.0,0.0
12031010600,1,0.17,0.0,0.0,0.0,0.0,0.0,0.0
12031013906,3,0.71,507.0,0.12,169.0,507.0,0.0,0.0
37095920102,3,,15433.0,,5144.33,10438.0,4995.0,0.0
37019020407,3,,28957.0,,9652.33,20065.0,8892.0,0.0
37117970100,1,0.23,61851.0,13.97,61851.0,37829.0,24022.0,0.0
37147000501,1,0.16,17520.0,2.88,17520.0,17520.0,0.0,0.0
37191000700,1,0.35,11020.0,3.91,11020.0,8898.0,2122.0,0.0
45067950700,11,7.61,562886.0,389.27,51171.45,462679.0,100207.0,0.0
37133001800,1,0.5,10712.0,5.39,10712.0,9074.0,1638.0,0.0
45035010400,4,0.67,20122.0,3.38,5030.5,9313.0,10809.0,0.0
13191110103,2,,2664.0,,1332.0,2664.0,0.0,0.0
12009068300,2,0.78,25059.0,9.82,12529.5,25059.0,0.0,0.0
12127081600,3,1.19,5762.0,2.29,1920.67,5762.0,0.0,0.0
45051051405,3,0.88,0.0,0.0,0.0,0.0,0.0,0.0
37019020314,6,,17011.0,,2835.17,16342.0,669.0,0.0
12109021410,4,,97594.0,,24398.5,66086.0,31508.0,0.0
37125950801,1,0.22,30684.0,6.87,30684.0,24303.0,6381.0,0.0
12117020500,2,0.87,0.0,0.0,0.0,0.0,0.0,0.0
45019002106,4,,25699.0,,6424.75,1080.0,24619.0,0.0
37019020505,4,0.9,19168.0,4.31,4792.0,19168.0,0.0,0.0
45015020719,1,0.12,10210.0,1.21,10210.0,3577.0,6633.0,0.0
12031013901,1,0.16,19297.0,3.15,19297.0,16200.0,3097.0,0.0
12089050104,2,,0.0,,0.0,0.0,0.0,0.0
12127083205,2,0.59,1071.0,0.32,535.5,1071.0,0.0,0.0
37051002300,1,0.22,1074.0,0.23,1074.0,1074.0,0.0,0.0
13051010501,5,0.81,512895.0,83.06,102579.0,235309.0,277586.0,0.0
45043920601,2,,28450.0,,14225.0,22665.0,5785.0,0.0
12085000300,1,0.16,0.0,0.0,0.0,0.0,0.0,0.0
12103027324,1,0.25,0.0,0.0,0.0,0.0,0.0,0.0
45019000900,8,5.98,83417.0,62.34,10427.12,80278.0,3139.0,0.0
12081001800,2,0.43,158.0,0.03,79.0,158.0,0.0,0.0
12111382114,1,,0.0,,0.0,0.0,0.0,0.0
12109021407,5,3.33,369175.0,245.95,73835.0,290595.0,78580.0,0.0
12127083207,2,0.3,45664.0,6.78,22832.0,45664.0,0.0,0.0
45069960301,1,0.2,11064.0,2.26,11064.0,11064.0,0.0,0.0
45051050500,2,0.4,32249.0,6.42,16124.5,24047.0,8202.0,0.0
37183054216,1,,18351.0,,18351.0,18351.0,0.0,0.0
37073970300,4,1.18,23043.0,6.8,5760.75,16525.0,6518.0,0.0
45031011400,3,0.72,40519.0,9.78,13506.33,30773.0,9746.0,0.0
37051001902,2,0.42,87803.0,18.42,43901.5,87803.0,0.0,0.0
37017950401,2,,44337.0,,22168.5,44337.0,0.0,0.0
12127081000,4,1.03,42931.0,11.03,10732.75,42931.0,0.0,0.0
12095012306,1,0.29,0.0,0.0,0.0,0.0,0.0,0.0
37051002001,2,0.72,53544.0,19.22,26772.0,43483.0,10061.0,0.0
45043920100,3,0.88,148164.0,43.5,49388.0,133734.0,14430.0,0.0
12031016601,1,0.17,0.0,0.0,0.0,0.0,0.0,0.0
12099000101,1,0.14,0.0,0.0,0.0,0.0,0.0,0.0
13051003900,2,0.49,5897.0,1.45,2948.5,4373.0,1524.0,0.0
13039010202,2,,1821.0,,910.5,1821.0,0.0,0.0
37051003201,2,0.16,99755.0,7.96,49877.5,71966.0,27789.0,0.0
37065020700,1,0.47,187898.0,88.71,187898.0,142999.0,44899.0,0.0
12031011800,1,0.32,0.0,0.0,0.0,0.0,0.0,0.0
37001020801,1,0.64,689.0,0.44,689.0,689.0,0.0,0.0
12031014336,3,0.43,17866.0,2.57,5955.33,17025.0,841.0,0.0
37101040100,1,0.15,33998.0,5.24,33998.0,24169.0,9829.0,0.0
13051003000,3,1.42,24897.0,11.78,8299.0,22377.0,2520.0,0.0
12035060103,2,1.04,0.0,0.0,0.0,0.0,0.0,0.0
45015020812,1,0.18,0.0,0.0,0.0,0.0,0.0,0.0
37079950302,1,,17295.0,,17295.0,11237.0,6058.0,0.0
37051003001,6,0.46,635800.0,48.81,105966.67,510069.0,125731.0,0.0
45053950100,1,0.24,86726.0,20.6,86726.0,61988.0,24738.0,0.0
37125950505,1,,3868.0,,3868.0,3868.0,0.0,0.0
45019002504,1,,13053.0,,13053.0,13053.0,0.0,0.0
37019020602,1,0.18,34989.0,6.42,34989.0,24543.0,10446.0,0.0
37091950300,2,0.52,25398.0,6.65,12699.0,25398.0,0.0,0.0
45051051603,3,0.67,15528.0,3.44,5176.0,11306.0,4222.0,0.0
37143920102,3,,15525.0,,5175.0,12481.0,3044.0,0.0
37147001900,2,0.76,35873.0,13.64,17936.5,28388.0,7485.0,0.0
37191000302,6,0.96,32692.0,5.26,5448.67,27056.0,5636.0,0.0
37163970801,1,,4232.0,,4232.0,1727.0,2505.0,0.0
37031970103,1,0.35,1354.0,0.47,1354.0,1354.0,0.0,0.0
37155961900,1,0.19,224442.0,43.2,224442.0,224442.0,0.0,0.0
12031000100,4,0.84,129008.0,27.12,32252.0,129008.0,0.0,0.0
37155960203,1,,15449.0,,15449.0,15187.0,262.0,0.0
37195000602,1,,2564.0,,2564.0,502.0,2062.0,0.0
12035060214,1,0.11,0.0,0.0,0.0,0.0,0.0,0.0
12011060126,1,0.19,0.0,0.0,0.0,0.0,0.0,0.0
37147002003,7,,229658.0,,32808.29,154427.0,75231.0,0.0
37049960500,2,0.24,32165.0,3.86,16082.5,26062.0,6103.0,0.0
37147001700,4,1.01,148719.0,37.73,37179.75,67973.0,80746.0,0.0
37091950202,5,,791031.0,,158206.2,645880.0,145151.0,0.0
37195001700,6,1.53,99363.0,25.3,16560.5,95518.0,3845.0,0.0
37131920402,1,0.71,0.0,0.0,0.0,0.0,0.0,0.0
12089050400,1,0.11,2249.0,0.26,2249.0,2249.0,0.0,0.0
37051003314,1,0.13,825.0,0.11,825.0,825.0,0.0,0.0
12127082301,2,0.28,0.0,0.0,0.0,0.0,0.0,0.0
12009068502,1,0.41,0.0,0.0,0.0,0.0,0.0,0.0
37125950701,1,0.21,52495.0,10.76,52495.0,52495.0,0.0,0.0
37135011901,1,0.2,43537.0,8.61,43537.0,33635.0,9902.0,0.0
13103030305,1,0.12,8589.0,1.06,8589.0,8589.0,0.0,0.0
12031014103,1,,37958.0,,37958.0,37958.0,0.0,0.0
12031014409,1,0.09,0.0,0.0,0.0,0.0,0.0,0.0
45053950301,2,,25303.0,,12651.5,25303.0,0.0,0.0
13051004212,4,0.67,889.0,0.15,222.25,889.0,0.0,0.0
12031013403,1,0.32,0.0,0.0,0.0,0.0,0.0,0.0
12031010500,2,0.13,2815.0,0.18,1407.5,2815.0,0.0,0.0
37191000102,6,0.91,44841.0,6.81,7473.5,42392.0,2449.0,0.0
12009069300,1,0.33,0.0,0.0,0.0,0.0,0.0,0.0
12095014302,1,0.18,6349.0,1.17,6349.0,6349.0,0.0,0.0
37129010700,1,0.23,7535.0,1.71,7535.0,7257.0,278.0,0.0
12127081700,1,0.14,19911.0,2.71,19911.0,19911.0,0.0,0.0
37127011202,1,,10231.0,,10231.0,10231.0,0.0,0.0
12019030703,7,0.58,65639.0,5.48,9377.0,45621.0,20018.0,0.0
37107011302,5,,264898.0,,52979.6,245595.0,19303.0,0.0
45015020717,3,0.57,24516.0,4.68,8172.0,22162.0,2354.0,0.0
37013930800,1,0.37,0.0,0.0,0.0,0.0,0.0,0.0
12095016704,2,0.09,0.0,0.0,0.0,0.0,0.0,0.0
37083931100,1,0.22,88003.0,19.02,88003.0,71318.0,16685.0,0.0
37125950802,1,0.27,0.0,0.0,0.0,0.0,0.0,0.0
12035060304,2,0.81,0.0,0.0,0.0,0.0,0.0,0.0
37051002504,4,0.62,28461.0,4.45,7115.25,27383.0,1078.0,0.0
37129012201,8,2.94,76762.0,28.23,9595.25,75172.0,1590.0,0.0
12017451700,1,0.25,13572.0,3.36,13572.0,13572.0,0.0,0.0
37127010700,1,0.36,21491.0,7.78,21491.0,21491.0,0.0,0.0
37101040500,4,0.61,161891.0,24.76,40472.75,151106.0,10785.0,0.0
12086019600,1,0.15,0.0,0.0,0.0,0.0,0.0,0.0
13051002900,7,2.19,24828.0,7.76,3546.86,21726.0,3102.0,0.0
37153970400,2,0.5,52611.0,13.09,26305.5,44111.0,8500.0,0.0
12107950202,1,0.38,0.0,0.0,0.0,0.0,0.0,0.0
37051003105,1,,8305.0,,8305.0,8305.0,0.0,0.0
37051003102,3,0.69,30216.0,6.98,10072.0,25351.0,4865.0,0.0
12101031409,1,0.14,0.0,0.0,0.0,0.0,0.0,0.0
12103027802,1,0.37,0.0,0.0,0.0,0.0,0.0,0.0
12035060107,1,0.21,0.0,0.0,0.0,0.0,0.0,0.0
37081012508,1,0.29,11702.0,3.42,11702.0,11702.0,0.0,0.0
45051051604,1,0.11,0.0,0.0,0.0,0.0,0.0,0.0
13051003301,2,0.97,2965.0,1.43,1482.5,2965.0,0.0,0.0
45019003800,3,0.91,65882.0,19.96,21960.67,57692.0,8190.0,0.0
37117970500,3,0.52,29670.0,5.18,9890.0,27435.0,2235.0,0.0
37147000602,1,0.18,0.0,0.0,0.0,0.0,0.0,0.0
12086001204,1,0.17,0.0,0.0,0.0,0.0,0.0,0.0
12111381402,1,0.16,0.0,0.0,0.0,0.0,0.0,0.0
12086004106,4,0.99,96100.0,23.73,24025.0,22857.0,73243.0,0.0
13103030301,1,0.2,6344.0,1.25,6344.0,6344.0,0.0,0.0
45089970601,2,,16775.0,,8387.5,9948.0,6827.0,0.0
12127082411,1,0.26,0.0,0.0,0.0,0.0,0.0,0.0
45015020715,1,0.23,14385.0,3.31,14385.0,14208.0,177.0,0.0
37183054116,1,,7225.0,,7225.0,7225.0,0.0,0.0
12111381401,2,0.44,0.0,0.0,0.0,0.0,0.0,0.0
37051001604,1,0.13,8446.0,1.12,8446.0,8446.0,0.0,0.0
12127080600,1,0.3,0.0,0.0,0.0,0.0,0.0,0.0
37133000302,2,0.21,10372.0,1.06,5186.0,10372.0,0.0,0.0
13039010406,1,,26364.0,,26364.0,26364.0,0.0,0.0
37195000100,7,2.03,709743.0,206.02,101391.86,240162.0,469581.0,0.0
37049960403,2,0.48,9910.0,2.36,4955.0,9910.0,0.0,0.0
37101040904,1,,215593.0,,215593.0,164779.0,50814.0,0.0
12115001504,1,0.3,0.0,0.0,0.0,0.0,0.0,0.0
37179020307,1,0.15,11269.0,1.66,11269.0,0.0,11269.0,0.0
45031010900,1,0.14,15802.0,2.24,15802.0,15802.0,0.0,0.0
13127000408,1,,10760.0,,10760.0,10760.0,0.0,0.0
37019020313,1,,0.0,,0.0,0.0,0.0,0.0
45019002008,2,,21146.0,,10573.0,21146.0,0.0,0.0
45019003300,1,0.26,125010.0,32.17,125010.0,121152.0,3858.0,0.0
12031015300,1,0.33,0.0,0.0,0.0,0.0,0.0,0.0
12127082202,1,0.57,0.0,0.0,0.0,0.0,0.0,0.0
45029990100,2,,59016.0,,29508.0,59016.0,0.0,0.0
12031014419,1,,0.0,,0.0,0.0,0.0,0.0
12019030301,1,0.12,10152.0,1.2,10152.0,6857.0,3295.0,0.0
37183052806,1,0.06,111356.0,6.71,111356.0,76852.0,34504.0,0.0
37195001300,2,0.37,51684.0,9.65,25842.0,19928.0,31756.0,0.0
13051010810,3,,69735.0,,23245.0,31133.0,38602.0,0.0
12037970304,1,0.6,0.0,0.0,0.0,0.0,0.0,0.0
37155960900,1,0.55,21763.0,11.92,21763.0,18282.0,3481.0,0.0
37155960101,2,0.5,34511.0,8.63,17255.5,34511.0,0.0,0.0
12095012701,1,0.2,0.0,0.0,0.0,0.0,0.0,0.0
37051002200,1,0.76,14768.0,11.26,14768.0,14224.0,544.0,0.0
12009068604,2,,139686.0,,69843.0,129650.0,10036.0,0.0
37179020601,1,0.21,3527.0,0.74,3527.0,3527.0,0.0,0.0
37127010802,7,,104695.0,,14956.43,104695.0,0.0,0.0
12031014413,1,0.17,0.0,0.0,0.0,0.0,0.0,0.0
12031016812,2,,82647.0,,41323.5,51046.0,31601.0,0.0
12031014704,1,,0.0,,0.0,0.0,0.0,0.0
37191000603,5,,71652.0,,14330.4,67531.0,4121.0,0.0
13051010807,3,0.53,20123.0,3.52,6707.67,10273.0,9850.0,0.0
45051060405,2,0.28,38327.0,5.4,19163.5,32544.0,5783.0,0.0
37085071303,1,0.1,2381.0,0.24,2381.0,2381.0,0.0,0.0
45035010300,3,0.5,11030.0,1.83,3676.67,11030.0,0.0,0.0
45041000101,1,0.33,0.0,0.0,0.0,0.0,0.0,0.0
37143920202,2,0.5,8771.0,2.18,4385.5,8596.0,175.0,0.0
13051010813,3,,54950.0,,18316.67,54950.0,0.0,0.0
37085070100,2,0.42,15236.0,3.19,7618.0,15236.0,0.0,0.0
12127091015,1,0.22,0.0,0.0,0.0,0.0,0.0,0.0
37163970301,1,0.16,6948.0,1.1,6948.0,6948.0,0.0,0.0
45013002105,1,0.29,0.0,0.0,0.0,0.0,0.0,0.0
45033970601,1,,27668.0,,27668.0,27668.0,0.0,0.0
12111381502,1,0.08,0.0,0.0,0.0,0.0,0.0,0.0
37019020517,2,,29659.0,,14829.5,15136.0,14523.0,0.0
37183053107,1,0.1,0.0,0.0,0.0,0.0,0.0,0.0
37147000100,1,0.2,8031.0,1.6,8031.0,7817.0,214.0,0.0
45015020718,1,0.19,3246.0,0.61,3246.0,3246.0,0.0,0.0
12127091028,1,0.22,0.0,0.0,0.0,0.0,0.0,0.0
37195001400,2,0.21,99110.0,10.49,49555.0,99110.0,0.0,0.0
45041001601,6,0.97,69124.0,11.17,11520.67,66915.0,2209.0,0.0
37155961100,2,0.96,47943.0,23.07,23971.5,37386.0,10557.0,0.0
37101041301,2,,44567.0,,22283.5,40898.0,3669.0,0.0
45015020806,4,1.17,133973.0,39.29,33493.25,95479.0,38494.0,0.0
37093970202,2,0.51,0.0,0.0,0.0,0.0,0.0,0.0
37155960501,3,0.84,125248.0,35.12,41749.33,125248.0,0.0,0.0
45043920400,2,0.8,9201.0,3.7,4600.5,9201.0,0.0,0.0
12009062500,2,0.49,0.0,0.0,0.0,0.0,0.0,0.0
12009066302,5,1.08,3472.0,0.75,694.4,3472.0,0.0,0.0
45041000500,2,0.33,61503.0,10.22,30751.5,21931.0,39572.0,0.0
12057012702,1,0.27,0.0,0.0,0.0,0.0,0.0,0.0
13051010504,2,,0.0,,0.0,0.0,0.0,0.0
12111381804,1,0.2,0.0,0.0,0.0,0.0,0.0,0.0
45019000700,2,0.63,17933.0,5.67,8966.5,17933.0,0.0,0.0
12031014800,1,0.22,0.0,0.0,0.0,0.0,0.0,0.0
37183052507,1,0.34,12848.0,4.33,12848.0,4289.0,8559.0,0.0
12086004000,2,0.36,0.0,0.0,0.0,0.0,0.0,0.0
12031016603,2,0.61,5868.0,1.78,2934.0,5868.0,0.0,0.0
37051003307,2,0.45,22292.0,4.99,11146.0,17856.0,4436.0,0.0
37155960702,3,0.92,622747.0,190.21,207582.33,530419.0,92328.0,0.0
12109021301,2,0.28,178.0,0.03,89.0,178.0,0.0,0.0
37013930700,1,0.37,0.0,0.0,0.0,0.0,0.0,0.0
45015020602,1,,26281.0,,26281.0,26281.0,0.0,0.0
45051060308,1,0.17,0.0,0.0,0.0,0.0,0.0,0.0
37063001400,1,0.39,0.0,0.0,0.0,0.0,0.0,0.0
12127081900,1,0.4,0.0,0.0,0.0,0.0,0.0,0.0
12015030102,1,,0.0,,0.0,0.0,0.0,0.0
45051060206,1,0.14,0.0,0.0,0.0,0.0,0.0,0.0
45051020302,1,,5156.0,,5156.0,4748.0,408.0,0.0
37101041106,1,,11962.0,,11962.0,11962.0,0.0,0.0
37083930900,2,0.38,128298.0,24.49,64149.0,128298.0,0.0,0.0
12031016100,1,0.13,3921.0,0.5,3921.0,3921.0,0.0,0.0
45019000400,3,0.91,38496.0,11.65,12832.0,38496.0,0.0,0.0
37051003305,2,0.35,8243.0,1.46,4121.5,8243.0,0.0,0.0
37183052506,1,0.4,3191.0,1.28,3191.0,3191.0,0.0,0.0
12009064125,1,0.16,0.0,0.0,0.0,0.0,0.0,0.0
37147000304,1,,0.0,,0.0,0.0,0.0,0.0
12127081202,1,,28571.0,,28571.0,26744.0,1827.0,0.0
13051000300,2,1.26,130894.0,82.74,65447.0,119190.0,11704.0,0.0
37129011800,2,0.79,4659.0,1.83,2329.5,4659.0,0.0,0.0
12109020806,1,0.11,0.0,0.0,0.0,0.0,0.0,0.0
37017950101,3,,427251.0,,142417.0,338696.0,88555.0,0.0
37133000402,1,0.14,0.0,0.0,0.0,0.0,0.0,0.0
12101030301,1,0.46,19142.0,8.76,19142.0,19142.0,0.0,0.0
12127082404,2,0.84,39041.0,16.44,19520.5,27085.0,11956.0,0.0
37133002600,2,0.53,149266.0,39.59,74633.0,0.0,149266.0,0.0
37051003304,2,0.28,13542.0,1.9,6771.0,6329.0,7213.0,0.0
13051002600,1,0.58,1070.0,0.62,1070.0,1070.0,0.0,0.0
37129012300,1,0.13,0.0,0.0,0.0,0.0,0.0,0.0
45019004622,2,,17387.0,,8693.5,17387.0,0.0,0.0
12009064601,1,0.15,26273.0,3.85,26273.0,21570.0,4703.0,0.0
37147000102,1,,49286.0,,49286.0,49286.0,0.0,0.0
45031011500,1,0.22,9583.0,2.09,9583.0,7663.0,1920.0,0.0
13051003700,1,0.52,30715.0,16.11,30715.0,30715.0,0.0,0.0
45041002400,2,0.55,77992.0,21.56,38996.0,69876.0,8116.0,0.0
12011090801,1,0.25,0.0,0.0,0.0,0.0,0.0,0.0
37041930102,2,0.84,98157.0,41.31,49078.5,76879.0,21278.0,0.0
37163970202,1,,17001.0,,17001.0,6617.0,10384.0,0.0
37183051400,1,0.21,4890.0,1.03,4890.0,4890.0,0.0,0.0
37019020105,1,,0.0,,0.0,0.0,0.0,0.0
13029920303,7,1.1,749422.0,118.3,107060.29,746666.0,2756.0,0.0
12086012400,1,0.1,0.0,0.0,0.0,0.0,0.0,0.0
45041001800,2,0.58,94650.0,27.43,47325.0,73492.0,21158.0,0.0
37061090301,2,,65740.0,,32870.0,59651.0,6089.0,0.0
12031011100,4,1.23,2396.0,0.74,599.0,2396.0,0.0,0.0
12086004105,1,0.43,0.0,0.0,0.0,0.0,0.0,0.0
37051003204,1,0.12,1489.0,0.18,1489.0,1489.0,0.0,0.0
12053041602,1,,0.0,,0.0,0.0,0.0,0.0
12009066600,1,0.24,0.0,0.0,0.0,0.0,0.0,0.0
45079002300,1,0.47,5871.0,2.74,5871.0,5871.0,0.0,0.0
45051060209,3,0.46,94494.0,14.53,31498.0,78129.0,16365.0,0.0
37051001701,1,,0.0,,0.0,0.0,0.0,0.0
37031970101,1,0.84,1964.0,1.65,1964.0,1964.0,0.0,0.0
37107010400,1,1.47,11208.0,16.43,11208.0,11208.0,0.0,0.0
37195001401,1,,6631.0,,6631.0,6631.0,0.0,0.0
45085000700,2,0.46,8617.0,1.98,4308.5,3314.0,5303.0,0.0
12081002013,1,0.08,0.0,0.0,0.0,0.0,0.0,0.0
45035010100,1,0.46,665.0,0.31,665.0,665.0,0.0,0.0
45079010600,1,0.23,0.0,0.0,0.0,0.0,0.0,0.0
37183054105,1,0.08,0.0,0.0,0.0,0.0,0.0,0.0
37183053725,1,0.2,4735.0,0.93,4735.0,3641.0,1094.0,0.0
37137950101,1,0.31,4604.0,1.43,4604.0,4604.0,0.0,0.0
12031010303,2,0.28,6847.0,0.96,3423.5,6127.0,720.0,0.0
37101041002,1,0.11,6974.0,0.79,6974.0,6974.0,0.0,0.0
12011060608,1,0.15,0.0,0.0,0.0,0.0,0.0,0.0
37061090202,1,,10483.0,,10483.0,9872.0,611.0,0.0
12031014702,2,0.69,0.0,0.0,0.0,0.0,0.0,0.0
37019020311,1,,41642.0,,41642.0,41642.0,0.0,0.0
12009069904,1,,46844.0,,46844.0,41817.0,5027.0,0.0
13179010400,1,0.15,0.0,0.0,0.0,0.0,0.0,0.0
37183052101,2,0.28,145740.0,20.1,72870.0,122385.0,23355.0,0.0
12019030702,2,0.14,2482.0,0.17,1241.0,2482.0,0.0,0.0
45019003115,1,0.12,82.0,0.01,82.0,82.0,0.0,0.0
37083930300,1,0.2,8624.0,1.73,8624.0,7887.0,737.0,0.0
45019004617,3,,12186.0,,4062.0,11689.0,497.0,0.0
37017950501,1,,14024.0,,14024.0,10574.0,3450.0,0.0
45075010100,1,0.21,9285.0,1.96,9285.0,7256.0,2029.0,0.0
12103023900,1,0.49,0.0,0.0,0.0,0.0,0.0,0.0
12019030400,1,0.47,806.0,0.38,806.0,0.0,806.0,0.0
12031013404,1,0.31,0.0,0.0,0.0,0.0,0.0,0.0
45061920600,1,0.67,704.0,0.47,704.0,704.0,0.0,0.0
12009060600,1,0.19,5399.0,1.02,5399.0,0.0,5399.0,0.0
37015960300,1,0.3,1792.0,0.53,1792.0,1592.0,200.0,0.0
37129011500,1,0.12,1051.0,0.12,1051.0,1051.0,0.0,0.0
45051070500,1,0.26,18744.0,4.86,18744.0,16724.0,2020.0,0.0
13051010605,1,,0.0,,0.0,0.0,0.0,0.0
12031002702,1,0.27,14462.0,3.94,14462.0,14462.0,0.0,0.0
37017950600,3,0.48,15965.0,2.53,5321.67,8546.0,7419.0,0.0
12011070313,1,0.09,0.0,0.0,0.0,0.0,0.0,0.0
12095015202,1,0.15,0.0,0.0,0.0,0.0,0.0,0.0
37139960702,3,0.99,19418.0,6.39,6472.67,16871.0,2547.0,0.0
12087970500,1,0.42,559.0,0.23,559.0,559.0,0.0,0.0
45015020804,1,0.38,948.0,0.36,948.0,948.0,0.0,0.0
12019030305,1,,22887.0,,22887.0,19605.0,3282.0,0.0
37183052504,1,0.17,0.0,0.0,0.0,0.0,0.0,0.0
37165010101,1,0.29,0.0,0.0,0.0,0.0,0.0,0.0
37091950401,2,0.61,113616.0,34.76,56808.0,72746.0,40870.0,0.0
12031014500,1,0.23,2003.0,0.47,2003.0,1498.0,505.0,0.0
37127011201,1,,19079.0,,19079.0,18261.0,818.0,0.0
37019020409,1,,1793.0,,1793.0,1793.0,0.0,0.0
37155961400,2,0.47,72790.0,17.08,36395.0,57927.0,14863.0,0.0
37147001305,1,,29979.0,,29979.0,29979.0,0.0,0.0
12107951401,1,0.27,0.0,0.0,0.0,0.0,0.0,0.0
12031000800,1,0.38,1775.0,0.68,1775.0,1775.0,0.0,0.0
12009062107,1,0.36,49772.0,17.83,49772.0,48813.0,959.0,0.0
45075010300,1,0.16,5981.0,0.96,5981.0,5077.0,904.0,0.0
37049960404,1,0.32,1019.0,0.32,1019.0,1019.0,0.0,0.0
12127082406,2,0.7,17004.0,5.91,8502.0,15929.0,1075.0,0.0
37101041102,2,0.18,19245.0,1.71,9622.5,17020.0,2225.0,0.0
12031010301,1,0.22,0.0,0.0,0.0,0.0,0.0,0.0
45051070601,1,0.22,0.0,0.0,0.0,0.0,0.0,0.0
37183052705,2,0.45,12966.0,2.92,6483.0,12966.0,0.0,0.0
12019031400,1,0.19,5071.0,0.97,5071.0,5071.0,0.0,0.0
13127001002,1,,71475.0,,71475.0,71475.0,0.0,0.0
12107951402,2,0.46,2233.0,0.51,1116.5,2233.0,0.0,0.0
37055970301,1,,1585.0,,1585.0,1585.0,0.0,0.0
37031970301,1,0.24,28058.0,6.65,28058.0,28058.0,0.0,0.0
37085070600,1,0.22,36011.0,8.0,36011.0,23929.0,12082.0,0.0
37083930200,1,0.2,0.0,0.0,0.0,0.0,0.0,0.0
37017950200,1,0.3,37531.0,11.22,37531.0,37531.0,0.0,0.0
13051002100,1,0.44,0.0,0.0,0.0,0.0,0.0,0.0
12127090101,1,0.28,0.0,0.0,0.0,0.0,0.0,0.0
12057005401,1,0.19,0.0,0.0,0.0,0.0,0.0,0.0
12127080805,1,0.17,0.0,0.0,0.0,0.0,0.0,0.0
12009064123,1,0.17,0.0,0.0,0.0,0.0,0.0,0.0
37101040301,1,0.25,15153.0,3.82,15153.0,14624.0,529.0,0.0
37019020303,2,0.61,13603.0,4.15,6801.5,13603.0,0.0,0.0
12089050101,2,0.3,0.0,0.0,0.0,0.0,0.0,0.0
37037020801,1,,4462.0,,4462.0,4462.0,0.0,0.0
37051003207,1,,11913.0,,11913.0,11913.0,0.0,0.0
12111382002,1,0.11,0.0,0.0,0.0,0.0,0.0,0.0
12101031706,1,0.33,0.0,0.0,0.0,0.0,0.0,0.0
12117020803,1,0.14,0.0,0.0,0.0,0.0,0.0,0.0
12011010611,1,0.24,0.0,0.0,0.0,0.0,0.0,0.0
37101040600,2,0.54,12299.0,3.31,6149.5,12299.0,0.0,0.0
12035060207,1,0.19,0.0,0.0,0.0,0.0,0.0,0.0
13277960700,1,0.22,246.0,0.05,246.0,246.0,0.0,0.0
12095016730,1,0.03,0.0,0.0,0.0,0.0,0.0,0.0
12095016200,1,0.15,0.0,0.0,0.0,0.0,0.0,0.0
12009062112,1,,0.0,,0.0,0.0,0.0,0.0
12031011400,1,0.46,0.0,0.0,0.0,0.0,0.0,0.0
37135012100,1,0.13,17655.0,2.24,17655.0,17655.0,0.0,0.0
37019020504,1,0.6,0.0,0.0,0.0,0.0,0.0,0.0
37153970800,1,0.19,18003.0,3.42,18003.0,18003.0,0.0,0.0
45049920402,1,,1644.0,,1644.0,1644.0,0.0,0.0
12009064901,1,0.15,3920.0,0.59,3920.0,3920.0,0.0,0.0
37051003004,1,,279964.0,,279964.0,189679.0,90285.0,0.0
45033970400,1,0.19,98764.0,18.59,98764.0,81054.0,17710.0,0.0
12099006603,1,0.21,0.0,0.0,0.0,0.0,0.0,0.0
37019020307,1,3.52,5176.0,18.23,5176.0,5176.0,0.0,0.0
12031013100,2,0.92,35772.0,16.48,17886.0,28153.0,7619.0,0.0
37133002100,1,0.14,6871.0,0.98,6871.0,6538.0,333.0,0.0
37051001401,1,,5771.0,,5771.0,5771.0,0.0,0.0
12021010801,1,0.26,11600.0,3.06,11600.0,0.0,11600.0,0.0
45067950100,2,0.47,160185.0,37.44,80092.5,143048.0,17137.0,0.0
37031970502,1,0.48,0.0,0.0,0.0,0.0,0.0,0.0
45019004609,2,0.27,2516.0,0.35,1258.0,2516.0,0.0,0.0
12117021206,1,,0.0,,0.0,0.0,0.0,0.0
45079010200,1,0.19,3759.0,0.71,3759.0,3759.0,0.0,0.0
45015020901,1,0.59,38608.0,22.91,38608.0,35408.0,3200.0,0.0
37063000101,1,0.33,9390.0,3.1,9390.0,9390.0,0.0,0.0
45041002204,1,,7926.0,,7926.0,7926.0,0.0,0.0
37019020306,3,1.29,0.0,0.0,0.0,0.0,0.0,0.0
12127083211,1,,0.0,,0.0,0.0,0.0,0.0
12115002507,1,0.18,3293.0,0.6,3293.0,2319.0,974.0,0.0
37077970701,1,0.19,63904.0,12.21,63904.0,63904.0,0.0,0.0
37061090200,2,0.45,11409.0,2.54,5704.5,11409.0,0.0,0.0
45043920506,1,,23983.0,,23983.0,23983.0,0.0,0.0
12097042400,1,0.12,0.0,0.0,0.0,0.0,0.0,0.0
37049960102,1,0.22,2677.0,0.58,2677.0,2677.0,0.0,0.0
13191110100,1,0.23,0.0,0.0,0.0,0.0,0.0,0.0
45075010900,1,0.11,3001.0,0.34,3001.0,3001.0,0.0,0.0
45035010504,1,0.15,0.0,0.0,0.0,0.0,0.0,0.0
12011040401,1,0.44,0.0,0.0,0.0,0.0,0.0,0.0
37051001500,2,0.72,18710.0,6.7,9355.0,18710.0,0.0,0.0
45079012000,1,0.22,11284.0,2.52,11284.0,5751.0,5533.0,0.0
12031012100,1,0.59,7848.0,4.61,7848.0,1732.0,6116.0,0.0
12095017104,2,0.07,0.0,0.0,0.0,0.0,0.0,0.0
12109020805,2,0.14,0.0,0.0,0.0,0.0,0.0,0.0
37183053007,1,0.35,10462.0,3.63,10462.0,10462.0,0.0,0.0
37047930500,2,0.45,156695.0,35.21,78347.5,95004.0,61691.0,0.0
45027960701,3,0.83,25695.0,7.11,8565.0,22146.0,3549.0,0.0
37137950201,1,0.27,1903.0,0.52,1903.0,1903.0,0.0,0.0
45031010500,1,0.41,1439.0,0.59,1439.0,1439.0,0.0,0.0
37127011103,1,,127058.0,,127058.0,127058.0,0.0,0.0
37051003700,1,0.15,66451.0,9.68,66451.0,36787.0,29664.0,0.0
12071050305,1,0.32,0.0,0.0,0.0,0.0,0.0,0.0
45019002200,2,0.64,0.0,0.0,0.0,0.0,0.0,0.0
12071010416,1,,0.0,,0.0,0.0,0.0,0.0
37195001502,1,,70378.0,,70378.0,52395.0,17983.0,0.0
37155960404,1,,28567.0,,28567.0,28567.0,0.0,0.0
13051010802,2,0.23,5760.0,0.65,2880.0,5760.0,0.0,0.0
12009071340,1,0.08,276.0,0.02,276.0,276.0,0.0,0.0
37063002030,1,,3932.0,,3932.0,3932.0,0.0,0.0
45027960100,1,0.27,0.0,0.0,0.0,0.0,0.0,0.0
37133000205,1,,0.0,,0.0,0.0,0.0,0.0
12109021003,1,0.17,6626.0,1.1,6626.0,6626.0,0.0,0.0
12015020301,1,0.18,0.0,0.0,0.0,0.0,0.0,0.0
45031011301,1,,57173.0,,57173.0,57173.0,0.0,0.0
12057013305,1,0.22,0.0,0.0,0.0,0.0,0.0,0.0
37183053205,1,0.39,10219.0,4.01,10219.0,10219.0,0.0,0.0
45051051406,1,0.32,0.0,0.0,0.0,0.0,0.0,0.0
12099003507,1,0.42,7624.0,3.22,7624.0,7624.0,0.0,0.0
12117021616,1,0.26,19705.0,5.18,19705.0,19705.0,0.0,0.0
45085000402,1,,0.0,,0.0,0.0,0.0,0.0
37019020603,1,0.34,570.0,0.2,570.0,570.0,0.0,0.0
12109020801,1,0.12,2153.0,0.25,2153.0,2153.0,0.0,0.0
12009071500,1,0.42,0.0,0.0,0.0,0.0,0.0,0.0
37163970900,1,0.32,13773.0,4.34,13773.0,13773.0,0.0,0.0
12031013800,1,0.32,0.0,0.0,0.0,0.0,0.0,0.0
37147000606,1,,11556.0,,11556.0,11556.0,0.0,0.0
37051001606,1,,141598.0,,141598.0,116568.0,25030.0,0.0
12103027319,1,0.19,0.0,0.0,0.0,0.0,0.0,0.0
37183053518,1,0.28,0.0,0.0,0.0,0.0,0.0,0.0
37053110403,2,,33846.0,,16923.0,28401.0,5445.0,0.0
12057014013,1,0.91,1233.0,1.13,1233.0,1233.0,0.0,0.0
45079011800,1,0.15,12430.0,1.92,12430.0,12430.0,0.0,0.0
12011070208,1,0.13,0.0,0.0,0.0,0.0,0.0,0.0
45089970501,2,0.63,5749.0,1.81,2874.5,5749.0,0.0,0.0
13089023803,1,0.18,0.0,0.0,0.0,0.0,0.0,0.0
12057012800,1,0.27,0.0,0.0,0.0,0.0,0.0,0.0
12009065001,1,0.32,2366.0,0.75,2366.0,0.0,2366.0,0.0
12031013522,1,0.24,1633.0,0.39,1633.0,1633.0,0.0,0.0
12127080807,1,0.19,0.0,0.0,0.0,0.0,0.0,0.0
12061050904,1,0.13,0.0,0.0,0.0,0.0,0.0,0.0
45019004621,1,,28044.0,,28044.0,25489.0,2555.0,0.0
37093970107,2,,19706.0,,9853.0,19706.0,0.0,0.0
12009066200,1,0.37,0.0,0.0,0.0,0.0,0.0,0.0
13051003601,1,0.31,995.0,0.31,995.0,995.0,0.0,0.0
12085000200,1,0.31,0.0,0.0,0.0,0.0,0.0,0.0
45019002604,1,0.26,19300.0,4.95,19300.0,19299.0,1.0,0.0
45043920511,1,,0.0,,0.0,0.0,0.0,0.0
13179010208,1,0.16,1458.0,0.23,1458.0,1458.0,0.0,0.0
37051003312,1,0.15,8504.0,1.26,8504.0,8504.0,0.0,0.0
13063040302,1,0.18,0.0,0.0,0.0,0.0,0.0,0.0
37061090401,1,,51323.0,,51323.0,51323.0,0.0,0.0
12086008202,1,0.25,0.0,0.0,0.0,0.0,0.0,0.0
13127000409,1,,5888.0,,5888.0,5888.0,0.0,0.0
37031971102,1,1.63,11769.0,19.17,11769.0,11769.0,0.0,0.0
12009060103,1,,0.0,,0.0,0.0,0.0,0.0
12035060206,1,0.22,0.0,0.0,0.0,0.0,0.0,0.0
12103024302,1,0.22,0.0,0.0,0.0,0.0,0.0,0.0
12095013702,1,0.17,0.0,0.0,0.0,0.0,0.0,0.0
12115000601,1,0.42,0.0,0.0,0.0,0.0,0.0,0.0
37183053011,1,,1405.0,,1405.0,1405.0,0.0,0.0
37155960300,1,0.15,45833.0,6.83,45833.0,32131.0,13702.0,0.0
37019020316,1,,1236.0,,1236.0,1236.0,0.0,0.0
12101030202,1,0.35,6369.0,2.21,6369.0,6369.0,0.0,0.0
37015960402,1,,9795.0,,9795.0,9795.0,0.0,0.0
12089050205,1,,0.0,,0.0,0.0,0.0,0.0
45085001701,1,0.15,1685.0,0.24,1685.0,1685.0,0.0,0.0
45015020506,1,0.19,0.0,0.0,0.0,0.0,0.0,0.0
13051010101,1,1.14,0.0,0.0,0.0,0.0,0.0,0.0
37183052707,1,0.15,2918.0,0.42,2918.0,2039.0,879.0,0.0
12009068602,1,0.24,0.0,0.0,0.0,0.0,0.0,0.0
12127082508,1,0.22,0.0,0.0,0.0,0.0,0.0,0.0
37047931201,1,,31702.0,,31702.0,8668.0,23034.0,0.0
12127082507,1,0.14,77103.0,10.49,77103.0,69306.0,7797.0,0.0
12019030704,2,,0.0,,0.0,0.0,0.0,0.0
37101041101,2,0.24,35682.0,4.34,17841.0,32837.0,2845.0,0.0
12031001400,1,0.2,9750.0,1.96,9750.0,9750.0,0.0,0.0
45035010200,1,0.2,18566.0,3.76,18566.0,18566.0,0.0,0.0
45075011200,1,0.41,10167.0,4.15,10167.0,10167.0,0.0,0.0
45015020710,1,0.16,5295.0,0.85,5295.0,5295.0,0.0,0.0
12109020600,1,,14555.0,,14555.0,14555.0,0.0,0.0
37163970201,1,,205226.0,,205226.0,151729.0,53497.0,0.0
12095017107,1,0.14,0.0,0.0,0.0,0.0,0.0,0.0
37031970305,1,,10032.0,,10032.0,10032.0,0.0,0.0
12031011300,1,0.3,8373.0,2.55,8373.0,8373.0,0.0,0.0
12086001401,1,0.19,0.0,0.0,0.0,0.0,0.0,0.0
12057014016,1,1.11,0.0,0.0,0.0,0.0,0.0,0.0
45041002500,1,0.36,9482.0,3.44,9482.0,9482.0,0.0,0.0
37127010200,2,0.4,40954.0,8.23,20477.0,40954.0,0.0,0.0
37101040101,1,,46060.0,,46060.0,21920.0,24140.0,0.0
13051011500,1,0.4,0.0,0.0,0.0,0.0,0.0,0.0
12031010503,1,,7490.0,,7490.0,7490.0,0.0,0.0
45029970401,1,0.23,470.0,0.11,470.0,470.0,0.0,0.0
45019005001,1,,25292.0,,25292.0,16518.0,8774.0,0.0
12031010402,1,0.23,27824.0,6.38,27824.0,27824.0,0.0,0.0
12099000512,1,,0.0,,0.0,0.0,0.0,0.0
37083930400,1,0.28,0.0,0.0,0.0,0.0,0.0,0.0
37129011504,1,,30115.0,,30115.0,30115.0,0.0,0.0
13179010503,1,,4620.0,,4620.0,4620.0,0.0,0.0
12109020807,1,0.58,1846.0,1.07,1846.0,1846.0,0.0,0.0
37143920101,1,,5096.0,,5096.0,2415.0,2681.0,0.0
45029970300,1,0.17,0.0,0.0,0.0,0.0,0.0,0.0
13051001100,1,0.53,506.0,0.27,506.0,506.0,0.0,0.0
45035010823,1,,0.0,,0.0,0.0,0.0,0.0
12061050504,1,0.64,0.0,0.0,0.0,0.0,0.0,0.0
45035010813,1,0.11,29482.0,3.32,29482.0,29482.0,0.0,0.0
45019002401,1,,2088.0,,2088.0,1809.0,279.0,0.0
37101041204,1,,47027.0,,47027.0,47027.0,0.0,0.0
12031013503,1,0.11,0.0,0.0,0.0,0.0,0.0,0.0
45033970401,1,,25836.0,,25836.0,25836.0,0.0,0.0
13121009900,1,0.21,0.0,0.0,0.0,0.0,0.0,0.0
12101030102,1,0.38,8458.0,3.18,8458.0,8458.0,0.0,0.0
37183052001,1,0.23,209844.0,48.78,209844.0,209844.0,0.0,0.0
12011041200,1,0.21,0.0,0.0,0.0,0.0,0.0,0.0
45019003700,1,0.29,40357.0,11.53,40357.0,37113.0,3244.0,0.0
37183053110,1,0.17,11651.0,1.96,11651.0,11651.0,0.0,0.0
12011110333,1,0.14,0.0,0.0,0.0,0.0,0.0,0.0
12127083206,1,0.34,10612.0,3.66,10612.0,10612.0,0.0,0.0
45085000202,1,0.14,0.0,0.0,0.0,0.0,0.0,0.0
45075010303,1,,90706.0,,90706.0,79250.0,11456.0,0.0
